tree
version=v4
num_class=1
num_tree_per_iteration=1
label_index=0
max_feature_idx=20
objective=binary sigmoid:1
feature_names=hit_x hit_d hit_h in_speed shot_no partner_x partner_d oppA_x oppA_d oppB_x oppB_d opp_up my_up t_dink t_drop t_drive t_speedup t_lob t_putaway tgt_x tgt_d
feature_infos=[-15.017600059509277:16.147800445556641] [0.45530000329017639:31.053600311279297] [0.23229999840259552:7.4000000953674316] [3.5495998859405518:66.345100402832031] [2:12] [-6.5767998695373535:6.3048000335693359] [7.3080000877380371:24.675100326538086] [-10.875300407409668:4.3586997985839844] [4.8976001739501953:25.3572998046875] [-4.4745998382568359:10.250399589538574] [5.9004001617431641:25.311500549316406] [0:2] [0:2] [0:1] [0:1] [0:1] [0:1] [0:1] [0:1] [-8.2665996551513672:8.2665996551513672] [2.4000000953674316:19.350000381469727]
tree_sizes=3495 3517 3506 3518 3500 3515 3505 3540 3497 3512 3522 3501 3491 3528 3508 3497 3510 3510 3517 3518 3538 3537 3547 3526 3542 3520 3525 3529 3527 3493 3518 3509 3520 3518 3479 3501 3497 3495 3465 3506 3535 3501 3510 3509 3516 3484 3479 3494 3518 3520 3475 3493 3479 3480 3493 3498 3494 3487 3471 3488 3476 3512 3490 3466 3506 3497 3504 3462 3456

Tree=0
num_leaves=31
num_cat=0
split_feature=17 2 11 13 2 14 3 1 20 6 2 3 8 20 1 2 2 4 20 6 2 20 1 20 2 5 1 5 3 1
split_gain=879.769 536.038 327.179 427.949 162.709 83.7934 60.7893 44.0967 38.6084 34.4833 34.1507 31.8409 29.4432 27.554 26.2558 25.255 21.6267 34.719 16.5459 16.4589 15.4425 14.9068 18.5531 19.1219 14.641 14.6373 13.5364 13.159 10.9971 10.8882
threshold=1.0000000180025095e-35 3.9701999425888066 1.0000000180025095e-35 1.0000000180025095e-35 2.3076499700546269 1.0000000180025095e-35 36.169649124145515 12.867449760437013 10.967050075531008 16.391400337219242 2.0732499361038212 16.940499305725101 21.343150138854984 3.5507500171661381 8.9349002838134783 1.9885500073432925 2.1828500032424931 4.5000000000000009 3.7049499750137334 7.900249958038331 1.479450047016144 11.275099754333498 7.3771500587463388 4.563349962234498 2.9199999570846562 -0.054449999704957001 29.114850044250492 2.7979500293731694 21.159600257873539 7.3850500583648691
decision_type=2 2 2 2 2 2 2 2 2 2 2 2 2 2 2 2 2 2 2 2 2 2 2 2 2 2 2 2 2 2
left_child=1 2 6 4 5 15 8 18 -1 -7 -5 -12 14 -9 -2 20 17 28 -3 -8 -4 22 23 -21 -6 26 -17 29 -13 -24
right_child=12 7 3 10 24 9 19 13 -10 -11 11 16 -14 -15 -16 25 -18 -19 -20 21 -22 -23 27 -25 -26 -27 -28 -29 -30 -31
leaf_value=-0.064934289953813451 -0.094238920835780476 -0.046043971961372179 -0.099934239687035145 -0.065535413297766271 -0.070461060978297574 -0.084381120413289351 -0.057251068021095156 -0.05863522918479392 -0.050694390576168452 -0.072770349952537616 -0.066459473746769165 -0.070182151932366724 -0.063365805006338968 -0.045732298609964153 -0.1088095333960736 -0.084975757569848903 -0.067837766616026224 -0.088993349325342933 -0.028090339637579356 -0.063582396330416097 -0.088857091434849766 -0.062004814361408402 -0.10090629382946742 -0.03225557445056567 -0.061161725404793206 -0.076858835870610515 -0.11015872597456355 -0.055314029763315883 -0.037232504264534179 -0.072262012982423074
leaf_weight=620.74022167921066 2707.6858261823654 196.01008608937263 354.56601560115814 11610.289150297642 1086.1705407500267 978.30256980657578 843.2179117500782 580.28973257541656 2052.7374748289585 1844.742058634758 1229.4951132535934 201.25366801023483 70.663508743047714 1465.7059940695763 352.069071829319 680.91656658053398 363.55501317977905 581.53820446133614 402.25764164328575 371.79492762684822 3001.3264137506485 1924.3945649564266 33.209352165460587 55.182457357645035 692.40250793099403 693.90067419409752 57.429706752300262 113.11155286431313 27.965770244598389 1110.6405897140503
leaf_count=2486 10844 785 1420 46498 4350 3918 3377 2324 8221 7388 4924 806 283 5870 1410 2727 1456 2329 1611 1489 12020 7707 133 221 2773 2779 230 453 112 4448
internal_value=-0.0698571 -0.0674658 -0.0693367 -0.0721928 -0.0804521 -0.0836335 -0.0599563 -0.045874 -0.0539976 -0.0767976 -0.0666584 -0.0720822 -0.0951907 -0.0493845 -0.0959276 -0.0876616 -0.0779672 -0.0825064 -0.0339228 -0.0635377 -0.090036 -0.06501 -0.0684469 -0.0594551 -0.0668379 -0.0820879 -0.0869863 -0.0715073 -0.0660375 -0.0731199
internal_weight=36303.6 33173.1 30528.9 23403.9 9389.76 7611.18 7125.03 2644.26 2673.48 2823.04 14014.1 2403.81 3130.42 2046 3059.75 4788.14 1174.31 810.758 598.268 4451.55 3355.89 3608.33 1683.94 426.977 1778.57 1432.25 738.346 1256.96 229.219 1143.85
internal_count=145392 132855 122265 93730 37605 30482 28535 10590 10707 11306 56125 9627 12537 8194 12254 19176 4703 3247 2396 17828 13440 14451 6744 1710 7123 5736 2957 5034 918 4581
is_linear=0
shrinkage=1


Tree=1
num_leaves=31
num_cat=0
split_feature=2 11 13 2 14 3 20 4 3 1 16 2 16 20 2 2 1 19 20 2 4 15 20 1 2 20 5 8 6 6
split_gain=591.924 435.721 728.514 209.406 135.148 49.2798 47.9798 36.3189 35.726 25.3853 24.8517 23.5378 22.1692 20.1094 19.8134 18.9652 17.7015 17.3343 15.5698 15.4637 15.3238 15.1494 28.204 23.4957 15.8281 15.0734 12.5743 12.5036 13.9985 12.3311
threshold=3.9701999425888066 1.0000000180025095e-35 1.0000000180025095e-35 2.3076499700546269 1.0000000180025095e-35 35.572549819946296 3.4885500669479375 4.5000000000000009 19.504949569702152 12.867449760437013 1.0000000180025095e-35 2.0732499361038212 1.0000000180025095e-35 10.967050075531008 1.8855499625205996 2.1585500240325932 15.410850048065187 -7.0628499984741202 17.901249885559086 1.4536499977111819 4.5000000000000009 1.0000000180025095e-35 11.785449981689455 8.9349002838134783 1.9125500321388247 17.205349922180179 1.7138000130653384 7.9766499996185312 7.9055500030517587 7.9050500392913827
decision_type=2 2 2 2 2 2 2 2 2 2 2 2 2 2 2 2 2 2 2 2 2 2 2 2 2 2 2 2 2 2
left_child=1 5 3 4 19 13 16 -6 27 -8 17 -10 -7 26 -14 20 -2 -5 -11 -3 -13 22 -21 -24 -25 -23 -1 -4 -29 -12
right_child=6 2 8 10 7 12 9 -9 11 18 29 15 14 -15 -16 -17 -18 -19 -20 21 -22 25 23 24 -26 -27 -28 28 -30 -31
leaf_value=0.0048799636715818979 0.016116066015621239 -0.028756914662265567 0.0045991335402782553 -0.042240371319574671 -0.0025905272892091675 0.0048661091142695777 0.037565033486618798 -0.014317580022836321 0.0013011723501620137 0.024459557787734988 0.007584796555170365 0.0041105656921411196 -0.030491477497299715 0.01693990720378093 0.019524626331872578 -0.00039442163836383499 -0.002157853840658649 -0.0057806985345188848 -0.010920090910698253 -0.012773262456020291 -0.019165392596769058 -0.019859400417444745 -0.021450411085041185 -0.023637058835205962 -0.046049781066313834 -0.0121236472685724 0.041157367956479736 -0.0038350653131992013 0.028951947596853003 -0.0033943172841124653
leaf_weight=564.15509636700153 529.5982126891613 446.15032444894314 10939.144948676229 34.949571713805199 1786.1219690442085 4133.466929718852 429.15369144082069 1046.9253272265196 1454.1880629211664 1480.4626343399286 1109.5457583367825 84.420341283082962 19.981080964207649 2031.1806175410748 391.40820902585983 366.56965373456478 176.34838259220123 356.26022273302078 31.232450768351555 897.04991625249386 424.65864843130112 1263.6133100986481 3570.8950543254614 153.30365954339504 170.75849765539169 1270.351181358099 23.974718570709229 674.20211707055569 33.209466859698296 331.61997452378273
leaf_count=2259 2120 1789 43804 140 7154 16551 1717 4195 5823 5925 4443 338 80 8130 1567 1468 706 1427 125 3595 1702 5064 14314 615 685 5091 96 2700 133 1328
internal_value=-2.02981e-05 -0.00181501 -0.00478131 -0.0135832 -0.0162798 0.00912071 0.0227401 -0.00692767 0.00305192 0.0268006 0.00202387 -0.0025992 0.00597041 0.0145825 0.0170273 -0.00907064 0.0115546 -0.0091373 0.0237219 -0.0196874 -0.0153051 -0.0191313 -0.0207899 -0.0226325 -0.0355524 -0.0159876 0.00642614 0.00418252 -0.00225718 0.00505784
internal_weight=36224.9 33578.1 26413.9 12437.5 10605.2 7164.17 2646.8 2833.05 13976.4 1940.85 1832.38 2329.84 4544.86 2619.31 411.389 875.649 705.947 391.21 1511.7 7772.12 509.079 7325.97 4792.01 3894.96 324.062 2533.96 588.13 11646.6 707.412 1441.17
internal_count=145084 134491 105808 49840 42502 28683 10593 11349 55968 7767 7338 9331 18198 10485 1647 3508 2826 1567 6050 31153 2040 29364 19209 15614 1300 10155 2355 46637 2833 5771
is_linear=0
shrinkage=0.05


Tree=2
num_leaves=31
num_cat=0
split_feature=17 18 12 11 20 2 20 3 3 20 20 1 4 2 1 2 8 3 20 12 8 7 8 2 1 20 3 4 2 20
split_gain=734.206 454.749 264.037 157.331 89.5796 178.97 82.5347 69.6867 49.2053 39.8216 34.2651 25.4882 28.3388 23.4579 22.9173 22.3777 21.3096 20.4514 18.7513 16.9747 14.6593 13.9059 13.9047 13.1852 12.7442 12.8404 12.4187 11.6542 11.996 11.4903
threshold=1.0000000180025095e-35 1.0000000180025095e-35 1.0000000180025095e-35 1.0000000180025095e-35 9.9859499931335467 2.3076499700546269 4.547649860382081 20.607549667358402 35.572549819946296 4.159950017929078 10.967050075531008 7.4571499824523935 4.5000000000000009 2.7382500171661381 15.843349933624269 2.1585500240325932 23.988450050354007 63.527648925781257 17.205349922180179 1.0000000180025095e-35 8.553349971771242 -6.4167499542236319 22.214699745178226 2.1012500524520878 15.033449649810793 3.3804500102996831 27.631050109863285 6.5000000000000009 1.8945500254631045 11.836349964141847
decision_type=2 2 2 2 2 2 2 2 2 2 2 2 2 2 2 2 2 2 2 2 2 2 2 2 2 2 2 2 2 2
left_child=1 2 6 8 7 27 -1 20 10 24 -4 17 -13 16 26 23 29 -9 -8 21 -5 -2 -21 -14 -3 -26 -11 28 -6 -10
right_child=19 9 3 4 5 -7 18 11 13 14 -12 12 15 -15 -16 -17 -18 -19 -20 22 -22 -23 -24 -25 25 -27 -28 -29 -30 -31
leaf_value=-0.0025446149880345944 -0.01015514912930522 0.019570302624402833 0.0036071593841190876 0.0034391627285017367 -0.018270213439334951 0.005635852529263484 -0.01990596546131088 -0.00028256539959950239 0.0012305628988038967 0.028377673292050955 0.017329561748845129 0.010139664889369966 -0.013770822039117331 0.014277749960120002 0.014380530524939185 0.010456020440659297 0.040385428104149079 -0.014475580118696844 -0.011749087382919979 -0.022689154535132299 -0.01300900869010368 -0.039025489826186761 8.5745112649078731e-05 -0.028500202264865493 0.00043047109992316651 0.01812696731608622 0.040996088643145669 -0.019960324378936387 -0.0044833191428989942 0.0067504218119569404
leaf_weight=1971.3402573615313 50.503841415047646 754.79995800554752 589.98499372601509 12176.977716773748 329.27464121580124 1508.6362496614456 1428.4302514195442 1771.1269101649523 2126.2798178493977 837.16885836422443 1995.1816283762455 117.88298358023167 433.49861270189285 656.79714754223824 242.97250950336456 70.667572975158691 38.965437203645706 295.27846390008926 1403.201760455966 2721.0122840851545 136.02580478787422 264.1990719139576 68.701734349131584 236.58639675378799 222.07283160090446 189.4596846550703 263.73210634291172 1321.2154806107283 303.72330462932587 1693.6406310647726
leaf_count=7897 203 3020 2362 48756 1321 6040 5730 7094 8513 3349 7983 472 1738 2629 972 283 156 1184 5627 10921 545 1062 275 949 889 758 1055 5300 1218 6780
internal_value=-0.000140738 0.00203917 0.000360806 0.00236463 -4.13895e-05 -0.00729943 -0.010402 0.00160837 0.00870026 0.0224937 0.0142005 -0.00532782 -0.0125633 0.00554902 0.0283645 -0.0161851 0.00406005 -0.00231669 -0.0158694 -0.0233871 0.00325641 -0.0344392 -0.0221285 -0.019006 0.0157108 0.0086017 0.031435 -0.0172831 -0.0116725 0.00367903
internal_weight=36219.3 33114.9 30604.7 25801.7 18700.9 3462.85 4802.97 15238 7100.85 2510.21 2585.17 2925.04 858.636 4515.68 1343.87 740.753 3858.89 2066.41 2831.63 3104.42 12313 314.703 2789.71 670.085 1166.33 411.533 1100.9 1954.21 632.998 3819.92
internal_count=145081 132620 122577 103323 74900 13879 19254 61021 28423 10043 10345 11720 3442 18078 5376 2970 15449 8278 11357 12461 49301 1265 11196 2687 4667 1647 4404 7839 2539 15293
is_linear=0
shrinkage=0.05


Tree=3
num_leaves=31
num_cat=0
split_feature=17 18 12 10 13 20 1 3 3 20 3 20 3 12 1 8 10 10 8 1 4 20 16 5 5 9 20 19 10 6
split_gain=647.447 383.455 228.69 135.863 140.905 75.0999 59.7398 44.4702 40.7609 33.9341 33.9294 28.7797 23.118 20.3702 19.3363 17.2368 17.0916 16.2275 14.9078 14.5588 14.9477 14.4176 17.7021 14.1247 11.6122 13.6428 11.4404 11.1094 10.9114 10.0277
threshold=1.0000000180025095e-35 1.0000000180025095e-35 1.0000000180025095e-35 16.816900253295902 1.0000000180025095e-35 4.547649860382081 7.1916000843048105 51.66044998168946 35.572549819946296 4.0814499855041513 19.504949569702152 10.967050075531008 12.96775007247925 1.0000000180025095e-35 14.073050022125246 21.343150138854984 17.143050193786625 7.8985500335693368 7.8954501152038583 7.9888000488281259 5.5000000000000009 17.39165019989014 1.0000000180025095e-35 1.7138000130653384 -2.4649499654769893 3.8266500234603886 3.5040500164031987 -7.2363500595092765 22.80105018615723 7.9000501632690439
decision_type=2 2 2 2 2 2 2 2 2 2 2 2 2 2 2 2 2 2 2 2 2 2 2 2 2 2 2 2 2 2
left_child=1 2 5 4 6 -1 17 12 11 -3 18 23 -8 -2 -11 -15 -10 -4 26 24 -21 22 29 28 25 -12 -6 -9 -5 -18
right_child=13 9 3 8 10 -7 7 27 16 14 19 -13 -14 15 -16 -17 21 -19 -20 20 -22 -23 -24 -25 -26 -27 -28 -29 -30 -31
leaf_value=-0.0020846985853676726 -0.034151102902018761 0.014318229668645228 -0.023417313301986903 0.009312469868460042 0.010966802853273935 -0.014742632511725452 -0.01812232127004797 -0.03071532111209313 0.013672039594420031 0.033379664952408121 0.0059383890901775101 0.01640373429283325 0.0012954219323538232 -0.021153937615859625 0.021253381013508793 0.0040189471742468619 0.0081368386020299142 -0.011813536529796109 0.0030663500192505549 0.0013718014939011235 -0.022639615630782119 0.0077863637979676383 0.016906948856864085 0.042322292950361703 0.00052823671430532666 -0.015055227528428262 0.0040428041471643498 -0.011371425841735323 -0.0046963282776997968 -0.001902850153760843
leaf_weight=2006.0937631577253 306.40745075047016 1109.7585591524839 393.74014694988728 269.280910551548 1191.5145587176085 2817.9138754159212 162.43866109848022 82.48876491189003 544.17385815083981 550.10476005077362 107.61956275999546 1976.3611308187246 2465.6856327950954 2711.8550986945629 842.72950257360935 69.451010376214981 298.57674562931061 1300.1934188902378 9204.7479218989611 105.62645499408245 166.307183817029 1516.3195159286261 164.44780103862286 21.740832448005676 1848.5798297971487 270.4045013487339 1197.5095893293619 709.01039777696133 285.27270224690437 1463.9111173599958
leaf_count=8037 1235 4440 1581 1078 4770 11312 652 331 2178 2201 431 7906 9877 10900 3371 278 1195 5217 36851 423 668 6069 658 87 7404 1083 4794 2845 1142 5861
internal_value=5.50351e-06 0.00205003 0.000509302 0.00238134 0.000261666 -0.00948027 -0.00684715 -0.00304176 0.00860507 0.0208628 0.00284149 0.0135379 8.88169e-05 -0.021887 0.0260632 -0.0205241 0.00544459 -0.014523 0.00398037 -0.00244266 -0.0133421 0.00414073 0.0012694 0.00369828 -0.00110613 -0.00907866 0.00749926 -0.0134236 0.0021106 -0.000198413
internal_weight=36160.3 33072.6 30570 25746 19205.9 4824.01 5113.56 3419.62 6540.08 2502.59 14092.3 2552.66 2628.12 3087.71 1392.83 2781.31 3987.43 1693.93 11593.8 2498.54 271.934 3443.26 1926.94 576.294 2226.6 378.024 2389.02 791.499 554.554 1762.49
internal_count=144875 132462 122450 103101 76927 19349 20503 13705 26174 10012 56424 10213 10529 12413 5572 11178 15961 6798 46415 10009 1091 13783 7714 2307 8918 1514 9564 3176 2220 7056
is_linear=0
shrinkage=0.05


Tree=4
num_leaves=31
num_cat=0
split_feature=17 2 11 13 2 14 3 1 2 3 6 20 2 4 1 20 6 8 2 3 20 6 8 3 2 20 9 3 20 20
split_gain=572.413 351.592 228.98 287.48 119.631 58.9226 47.1714 37.5383 31.8853 31.0382 26.81 22.9485 18.726 16.7804 16.5753 15.7456 15.6162 15.2892 14.4014 17.8214 14.3715 23.7139 12.675 14.3649 11.5652 12.3091 11.1505 11.0341 10.9109 11.0069
threshold=1.0000000180025095e-35 3.9701999425888066 1.0000000180025095e-35 1.0000000180025095e-35 2.3391499519348149 1.0000000180025095e-35 35.572549819946296 15.843349933624269 2.0632499456405644 15.458700180053713 16.358600616455082 3.6901500225067143 1.5055499672889712 6.5000000000000009 7.3771500587463388 10.967050075531008 7.9010500907897958 7.9047498703002939 2.1585500240325932 28.396149635314945 17.39165019989014 8.0054497718811053 21.343150138854984 21.923250198364261 1.6728499531745913 9.8851499557495135 5.2906498908996591 51.001600265502937 3.2246500253677373 3.1610000133514409
decision_type=2 2 2 2 2 2 2 2 2 2 2 2 2 2 2 2 2 2 2 2 2 2 2 2 2 2 2 2 2 2
left_child=1 2 6 4 5 12 15 11 28 -10 -7 -3 -4 -11 -6 -1 -8 -13 -15 -20 21 27 23 -2 -23 -26 -27 -18 29 -5
right_child=22 7 3 8 14 10 16 -9 9 13 -12 17 -14 18 -16 -17 20 -19 19 -21 -22 24 -24 -25 25 26 -28 -29 -30 -31
leaf_value=0.0065519132200192402 -0.019255813188038245 0.014911482137098584 -0.02462961236217957 0.0050208792450373366 0.0084657182897366449 -0.012298335489296097 0.0094673441447717388 0.0070350956547699023 0.0033469606790656431 -0.0011060871570202433 -0.0020814643357104593 0.023352798169158192 -0.013695201681187845 -0.017232876653763048 -0.0014538106482193133 0.015848990116280572 -0.0044610071829557958 0.036418993703390141 0.015677251861062436 -0.012216666648545971 0.0075397865874077784 0.024786186011411384 0.00060697572577140581 -0.028049147330861435 0.001559596714512072 0.01151476679738829 0.049604973102702322 0.017177432396109776 0.0025539970256845284 0.014665144143618634
leaf_weight=592.5674712061882 2450.8949825614691 710.44136975705624 430.73516501486301 3980.2471971958876 821.5268939435482 979.03690123558044 1476.2482387274504 496.16236340999603 1212.0681850463152 558.70956271886826 1863.6469326913357 1163.5583928078413 4424.0750563442707 519.65741313993931 862.46942448616028 1996.4995279312134 1204.1231011152267 282.22756931185722 86.150256663560867 166.04229468107224 1166.9943889528513 93.174400836229324 69.708891555666924 580.64209139347076 393.21674527227879 81.988960653543472 24.497700423002243 60.970223739743233 7176.1547249704599 319.01075124740601
leaf_count=2372 9867 2842 1733 15933 3289 3930 5908 1985 4852 2238 7467 4656 17774 2086 3454 7986 4821 1130 345 665 4670 373 279 2343 1574 328 98 244 28727 1277
internal_value=7.37857e-05 0.00199616 0.000476944 -0.00190828 -0.00868232 -0.011323 0.0083479 0.0194532 0.0026255 -0.00243976 -0.0056033 0.022306 -0.0146702 -0.00770971 0.00338752 0.0137245 0.00525296 0.0259268 -0.0124822 -0.00266368 0.00319379 0.000461482 -0.0204642 -0.0209487 0.00870458 0.00566249 0.0206576 -0.00340542 0.00374793 0.00573974
internal_weight=36243.4 33142.2 30489.8 23399.5 9381.49 7697.49 7090.28 2652.39 14018 2542.63 2842.68 2156.23 4854.81 1330.56 1684 2589.07 4501.21 1445.79 771.85 252.193 3024.97 1857.97 3101.25 3031.54 592.878 499.703 106.487 1265.09 11475.4 4299.26
internal_count=145246 132757 122144 93770 37647 30904 28374 10613 56123 10186 11397 8628 19507 5334 6743 10358 18016 5786 3096 1010 12108 7438 12489 12210 2373 2000 426 5065 45937 17210
is_linear=0
shrinkage=0.05


Tree=5
num_leaves=31
num_cat=0
split_feature=17 18 12 11 20 2 20 14 20 20 16 1 8 6 8 1 2 1 2 8 4 19 5 20 7 2 7 8 2 2
split_gain=537.318 326.314 215.019 119.723 81.1172 117.31 63.3473 59.8081 28.7641 27.5199 21.2021 19.9268 19.5746 18.4851 18.206 16.222 15.2325 13.3245 13.0604 12.9032 21.3905 12.8255 11.9031 12.8788 11.6576 10.6585 10.5181 10.3076 10.2616 11.6546
threshold=1.0000000180025095e-35 1.0000000180025095e-35 1.0000000180025095e-35 1.0000000180025095e-35 9.9859499931335467 2.3076499700546269 4.547649860382081 1.0000000180025095e-35 11.275099754333498 3.5199500322341923 1.0000000180025095e-35 7.9888000488281259 7.9043500423431405 7.9009499549865732 22.800649642944339 20.502499580383304 1.5362499952316286 7.3251500129699716 1.3873500227928164 8.0497498512268084 6.5000000000000009 -7.2363500595092765 -0.59584999084472645 2.7725499868392949 -2.7777500152587886 1.5362499952316286 -6.6972498893737784 9.2294497489929217 7.3577499389648446 3.1724499464035039
decision_type=2 2 2 2 2 2 2 2 2 2 2 2 2 2 2 2 2 2 2 2 2 2 2 2 2 2 2 2 2 2
left_child=1 2 6 8 7 -6 18 11 10 -3 13 19 17 -4 15 -2 24 -11 -1 -5 -21 27 23 -15 -10 -8 -27 -9 29 -7
right_child=14 9 3 4 5 28 25 21 16 12 -12 -13 -14 22 -16 -17 -18 -19 -20 20 -22 -23 -24 -25 -26 26 -28 -29 -30 -31
leaf_value=-0.018601524245843746 -0.019625872886921848 0.010946781074872583 0.0078455718921894829 0.0032056951120862653 -0.015091538932097024 0.0012028471815719293 -0.023292137823286076 -0.048238196598387191 0.0061939731156156787 0.048323838225819385 0.01971363506237048 -0.0070273692604605588 0.034067091795664799 0.018309255965417704 0.0052109376693626856 -0.03338293459641424 0.012362500142064043 0.01921102537442804 -0.0015614331880449243 0.00098316140335323772 -0.017056200143685734 -0.0083001349861324489 0.0028137069212443837 -0.0077910901093889698 -0.028370725257987957 -0.024501357688175754 -0.0122578262786319 -0.01432391860924094 -0.020182355443160518 0.010808711486071159
leaf_weight=118.66906335949898 2778.7110479623079 738.67221952974796 1179.5637217909098 12649.560548558831 1934.2202999442816 1013.849052503705 292.54535011947155 36.090914666652679 1064.0866558998823 39.923105388879776 201.46124938130379 538.73359894752502 302.58473314344883 50.456927970051765 68.960127219557762 233.84581346809864 2866.2971263378859 1418.2457355707884 1868.835397362709 822.13602603971958 204.35334755480289 925.40515230596066 1154.0410748422146 586.17900264263153 23.991517126560211 190.00614042580128 2335.8757338672876 59.905910596251488 43.490237906575203 457.79178521037102
leaf_count=476 11207 2955 4720 50637 7781 4059 1179 145 4258 160 806 2161 1213 202 276 949 11467 5677 7488 3292 820 3716 4620 2347 96 764 9393 241 174 1832
internal_value=-0.00015626 0.00170219 0.000283847 0.00209196 -1.10749e-05 -0.0069337 -0.00942553 0.00155651 0.00760562 0.0190696 0.00405672 0.00239647 0.0224691 0.00298849 -0.020123 -0.0207045 0.0104503 0.0200407 -0.0025877 0.00276818 -0.00262122 -0.0101241 -0.000213587 -0.00569702 0.00540649 -0.0142448 -0.0131882 -0.0274402 0.0034837 0.00419631
internal_weight=36198.5 33117 30617.5 25811.6 18685.5 3449.35 4805.93 15236.2 7126.08 2499.43 3171.7 14214.8 1760.75 2970.24 3081.52 3012.56 3954.38 1458.17 1987.5 13676 1026.49 1021.4 1790.68 636.636 1088.08 2818.43 2525.88 95.9968 1515.13 1471.64
internal_count=145111 132679 122674 103374 74858 13846 19300 61012 28516 10005 12695 56910 7050 11889 12432 12156 15821 5837 7964 54749 4112 4102 7169 2549 4354 11336 10157 386 6065 5891
is_linear=0
shrinkage=0.05


Tree=6
num_leaves=31
num_cat=0
split_feature=17 2 11 13 2 14 20 3 1 2 2 10 3 6 5 6 1 20 1 2 20 2 1 19 2 20 0 2 4 3
split_gain=466.837 287.378 192.533 225.248 98.1128 47.7711 32.3959 29.0864 21.8998 19.7343 19.5539 17.836 17.5055 16.013 15.7121 14.8259 13.4354 12.6045 15.6873 12.9918 12.1514 12.428 12.0141 11.6602 11.4423 11.3304 11.2426 10.9791 14.9208 12.6091
threshold=1.0000000180025095e-35 3.9701999425888066 1.0000000180025095e-35 1.0000000180025095e-35 2.3076499700546269 1.0000000180025095e-35 4.0981500148773202 36.169649124145515 15.843349933624269 1.4536499977111819 2.0732499361038212 22.800649642944339 16.78804969787598 7.9000501632690439 3.0513499975204472 7.9061498641967782 15.619800090789797 17.39165019989014 7.4127500057220468 1.1634500026702883 10.967050075531008 1.8813499808311465 7.423150062561036 -5.4578499794006339 3.1724499464035039 17.901249885559086 -9.8726997375488263 2.1977499723434453 4.5000000000000009 28.396149635314945
decision_type=2 2 2 2 2 2 2 2 2 2 2 2 2 2 2 2 2 2 2 2 2 2 2 2 2 2 2 2 2 2
left_child=1 2 7 4 5 9 16 20 25 -4 -5 -2 26 -9 -7 24 -3 18 19 -15 22 -22 -1 -23 -6 -8 -12 28 -14 -29
right_child=11 6 3 10 15 14 8 13 -10 -11 12 -13 27 17 -16 -17 -18 -19 -20 -21 21 23 -24 -25 -26 -27 -28 29 -30 -31
leaf_value=0.041256626545472332 -0.019488433623216953 0.013603529021502634 -0.026061188066729642 0.0026933723390937699 0.0021943348027823372 -0.0043368003261162209 0.025669151928508757 0.011002258774212291 0.0097934737779853884 -0.012890506343850772 0.019020347063369296 0.0065150117542017482 0.00084381091624076855 -0.01201574107772104 -0.017355027025367242 -0.005014992164506394 0.00034740947979030364 0.0068521469342735569 -0.0020817641698615825 0.0096054767847490365 0.014058566779232987 -0.034681140147054611 0.0038069430862702211 0.0056146447868566634 0.012598513729484409 -0.0057890540787308813 0.00058678339381132546 0.017222983416720208 -0.01400244498901068 -0.0046043286687649215
leaf_weight=21.239763006567955 3019.9706481993198 893.07485108077526 304.16883073747158 11601.917451128364 918.19421680271626 2563.4320134818554 1192.0141197443008 832.6330453902483 299.88335973024368 4428.3903112709522 88.193419024348259 66.968881517648697 237.01547841727734 77.675205633044243 254.02438898384571 490.3675748705864 243.18675056099892 1482.498572036624 1453.2154920548201 601.37454526126385 1957.6316836923361 22.995489358901978 591.19563676416874 70.486184731125832 370.38342644274235 28.98527018725872 1140.0328907519579 86.684194698929787 589.86507175862789 268.61386436223984
leaf_count=85 12211 3574 1229 46436 3676 10282 4779 3331 1200 17829 353 268 949 311 1021 1965 973 5931 5818 2407 7832 92 2366 282 1482 116 4563 347 2371 1076
internal_value=-0.000329102 0.00140495 2.87125e-05 -0.00216572 -0.00818501 -0.0106737 0.0171714 0.00723109 0.0219444 -0.0137423 0.00184204 -0.0189224 -0.00225507 0.00475462 -0.00551628 0.00237743 0.0107692 0.00331287 0.000850068 0.00711823 0.0113628 0.0132082 0.00517087 -0.00455984 0.00519232 0.0249182 0.00192481 -0.00659573 -0.00975106 0.000754404
internal_weight=36196.3 33109.4 30452.2 23341.3 9328.96 7550.02 2657.14 7110.95 1520.88 4732.56 14012.3 3086.94 2410.4 4447.4 2817.46 1778.95 1136.26 3614.76 2132.27 679.05 2663.55 2051.11 612.435 93.4817 1288.58 1221 1228.23 1182.18 826.881 355.298
internal_count=145155 132676 122034 93579 37484 30361 10642 28455 6095 19058 56095 12479 9659 17798 11303 7123 4547 14467 8536 2718 10657 8206 2451 374 5158 4895 4916 4743 3320 1423
is_linear=0
shrinkage=0.05


Tree=7
num_leaves=31
num_cat=0
split_feature=17 18 12 11 20 2 15 3 3 20 14 1 20 20 2 2 9 12 8 9 3 2 20 3 8 10 1 16 20 1
split_gain=426.412 259.903 158.791 93.4865 83.7582 98.5529 57.3869 46.241 31.4164 30.4561 18.2973 16.4671 14.3396 15.9583 13.6537 18.6364 12.6067 12.4175 11.4112 11.1868 10.9045 10.8699 12.9682 10.5676 10.3562 13.4945 12.7188 10.5171 10.1187 9.83398
threshold=1.0000000180025095e-35 1.0000000180025095e-35 1.0000000180025095e-35 1.0000000180025095e-35 9.9859499931335467 2.3076499700546269 1.0000000180025095e-35 19.504949569702152 36.682350158691413 4.1739499568939218 1.0000000180025095e-35 14.073050022125246 17.174150466918949 17.615050315856937 2.0732499361038212 2.2433500289916997 2.893550038337708 1.0000000180025095e-35 9.4591999053955096 2.7384500503540044 33.78184890747071 2.7382500171661381 3.0047500133514409 28.396149635314945 7.9635500907897958 7.9989500045776376 4.7276501655578622 1.0000000180025095e-35 19.064649581909183 29.114850044250492
decision_type=2 2 2 2 2 2 2 2 2 2 2 2 2 2 2 2 2 2 2 2 2 2 2 2 2 2 2 2 2 2
left_child=1 2 6 8 7 28 18 24 -4 16 14 -11 29 -14 -9 -16 -3 19 -1 -2 -20 -10 -23 -17 27 26 -26 -5 -6 -8
right_child=17 9 3 4 5 -7 12 10 21 11 -12 -13 13 -15 15 23 -18 -19 20 -21 -22 22 -24 -25 25 -27 -28 -29 -30 -31
leaf_value=-0.0042976310359380135 -0.0031183040018503715 -0.0035761452271056691 0.011004967131202477 0.0036942564788016497 -0.013454683965117531 0.0025644564093913343 -0.015578760485018054 0.0018511434445368552 0.0031272754800088774 0.029422114468263261 -0.0093671087463709137 0.017892083624681969 0.0011022353900858874 -0.011954061634995773 -0.011708925052470263 0.017237333278935143 0.013121042377564791 -0.016766955732786411 0.0070889335758218368 -0.031066647497316576 -0.0077431526609325653 -0.0054143025691055684 0.01322679396581997 -0.0019481217711446314 0.0095403635162213864 0.0055716867488697919 -0.011619871421493302 -0.010575031542344137 -0.027279195975908544 -0.038511174180320441
leaf_weight=1393.5069732666016 41.549561530351639 126.4021560549736 2738.8495565354824 10960.527555570006 1776.3896617442369 1511.7559773474932 1288.7883294820786 1474.404891744256 3723.4676800519228 514.63066774606705 948.66419741511345 798.39802262187004 297.33276519179344 1095.6603815853596 562.3710156083107 90.215673059225082 1039.4872304052114 2756.1977252811193 522.69948260486126 269.09167990088463 161.43060702085495 111.72556862235069 550.36514802277088 336.03662380576134 86.165819048881531 316.95251227915287 386.1737585067749 129.73336242139339 143.29695251584053 48.059423223137856
leaf_count=5587 169 506 10960 43865 7163 6051 5199 5903 14901 2069 3815 3200 1198 4414 2262 361 4161 11155 2095 1099 647 447 2202 1346 345 1269 1547 521 578 194
internal_value=-1.3882e-05 0.00163729 0.000377755 0.00192981 7.47776e-05 -0.00698369 -0.00796545 0.00165909 0.00680408 0.0172064 -0.00347091 0.0224301 -0.0127299 -0.00916842 -0.00119705 -0.00574031 0.0113093 -0.0178475 -0.00170224 -0.0273504 0.00358289 0.00417865 0.0100778 0.00214329 0.00313255 -0.00239884 -0.00774775 0.0035264 -0.0145003 -0.0164313
internal_weight=36200.3 33133.5 30654.6 25847.1 18722.7 3431.44 4807.48 15291.2 7124.41 2478.92 3411.69 1313.03 2729.84 1392.99 2463.03 988.623 1165.89 3066.84 2077.64 310.641 684.13 4385.56 662.091 426.252 11879.6 789.292 472.34 11090.3 1919.69 1336.85
internal_count=145229 132806 122870 103536 75026 13792 19334 61234 28510 9936 13687 5269 11005 5612 9872 3969 4667 12423 8329 1268 2742 17550 2649 1707 47547 3161 1892 44386 7741 5393
is_linear=0
shrinkage=0.05


Tree=8
num_leaves=31
num_cat=0
split_feature=17 2 12 16 20 2 20 18 3 20 2 2 3 4 1 8 3 20 19 8 1 19 19 10 3 9 8 10 2 20
split_gain=406.054 237.902 125.366 130.441 57.6197 57.2312 46.498 37.422 30.1652 24.8792 19.5527 20.9327 18.7307 30.1367 18.0498 14.2207 13.7044 13.2797 12.9281 13.3438 12.2699 12.1519 15.663 11.807 11.2481 11.243 10.445 13.2081 10.333 10.169
threshold=1.0000000180025095e-35 2.7382500171661381 1.0000000180025095e-35 1.0000000180025095e-35 11.836349964141847 2.3076499700546269 4.5936498641967782 1.0000000180025095e-35 63.015348434448249 4.4076499938964853 2.0732499361038212 2.1467499732971196 15.157749652862551 4.5000000000000009 12.867449760437013 23.988450050354007 63.527648925781257 11.785449981689455 -5.5028500556945792 7.9260499477386483 14.856900215148928 -5.4578499794006339 5.4994499683380136 8.9946498870849627 37.123849868774421 2.6879500150680546 22.800649642944339 8.3891000747680682 1.8724499940872195 17.205349922180179
decision_type=2 2 2 2 2 2 2 2 2 2 2 2 2 2 2 2 2 2 2 2 2 2 2 2 2 2 2 2 2 2
left_child=1 2 6 4 8 16 -1 23 10 20 15 12 -12 -14 21 -4 -5 -7 -6 -20 -9 -11 -23 -3 -21 -26 27 -2 -29 -8
right_child=26 7 3 5 18 17 29 9 -10 14 11 -13 13 -15 -16 -17 -18 -19 19 24 -22 22 -24 -25 25 -27 -28 28 -30 -31
leaf_value=-0.0018051829733162904 -0.017257899436518155 0.0040117810011565452 0.0025566508838694071 -0.012584103955975463 0.0026677604560445402 0.01007467716086858 -0.014819310861852716 0.015560943703585933 -0.0093150790340686771 0.01529912440766313 0.0021563961401853157 0.0025086333538472901 0.0035476487751175817 -0.016005592799172765 0.018451469801415345 0.034136195746464537 -0.039382165351906563 -0.0035972825654594777 -0.016433823288472774 0.013066159466180685 0.0057460890882339716 0.050661828634845321 0.018237790685839854 0.01202641437714237 -0.028993277629070214 0.0070359723009178476 0.0019092214177074381 -0.015110750978980778 -0.042743311087471814 -0.0087318607889161452
leaf_weight=2032.2551786154509 2822.5499150305986 1200.983116209507 14364.01920068264 1975.2969068735838 717.87040333449841 355.45857372879982 1375.6687873005867 808.96417798101902 620.28608028590679 66.63488806784153 448.25005103647709 1327.3534235209227 278.97962746024132 667.50888353586197 905.44788368046284 34.744956389069557 48.144513204693794 353.21541465818882 45.259593591094017 1721.181667342782 527.57803371548653 121.86734993755817 55.72636941075325 744.99658074975014 21.230738282203674 877.12907484173775 66.950787603855133 55.34963820874691 92.884301319718361 1381.4455262869596
leaf_count=8147 11458 4807 57489 7972 2873 1423 5558 3242 2498 269 1794 5314 1117 2687 3634 139 195 1414 182 6889 2112 492 225 2981 85 3509 268 226 379 5570
internal_value=-0.000102252 0.00150461 -0.000163506 0.00131866 0.00264843 -0.00895987 -0.00754493 0.0122833 0.00150792 0.0163477 0.00190056 -0.00198506 -0.00626038 -0.0102446 0.0217431 0.00263522 -0.0132409 0.00326487 0.00862785 0.0102318 0.0116939 0.0338215 0.0406467 0.00708469 0.0106986 0.00615321 -0.0175939 -0.0180339 -0.0325959 -0.0117735
internal_weight=36115.2 33077.5 28645.3 23855.9 21123.8 2732.12 4789.37 4432.2 17741.1 2486.22 17120.9 2722.09 1394.74 946.489 1149.68 14398.8 2023.44 708.674 3382.67 2664.8 1336.54 244.229 177.594 1945.98 2619.54 898.36 3037.73 2970.78 148.234 2757.11
internal_count=144948 132617 114855 95580 84576 11004 19275 17762 71038 9974 68540 10912 5598 3804 4620 57628 8167 2837 13538 10665 5354 986 717 7788 10483 3594 12331 12063 605 11128
is_linear=0
shrinkage=0.05


Tree=9
num_leaves=31
num_cat=0
split_feature=17 18 8 13 2 14 3 2 20 2 20 2 4 8 20 2 3 19 7 8 10 3 2 8 20 10 12 9 20 8
split_gain=342.548 237.8 145.628 174.115 95.3076 42.8517 25.1612 21.6696 21.2746 20.4418 18.6315 15.9031 15.476 12.7307 12.4062 12.3323 12.3173 11.4251 10.8111 10.7832 10.4017 10.368 10.0057 14.6521 12.0725 9.67672 9.59644 11.9743 9.51927 22.8917
threshold=1.0000000180025095e-35 1.0000000180025095e-35 14.098949909210207 1.0000000180025095e-35 2.3076499700546269 1.0000000180025095e-35 36.169649124145515 2.0881500244140629 4.1739499568939218 2.1467499732971196 10.967050075531008 1.799549996852875 4.5000000000000009 7.9043500423431405 3.2404500246047978 2.9199999570846562 21.923250198364261 -1.481949985027313 -2.8892500400543208 7.900249958038331 22.800950050354007 15.012650012969972 2.7382500171661381 23.988450050354007 3.0047500133514409 13.076249599456789 1.0000000180025095e-35 2.7384500503540044 11.222499847412111 17.755649566650394
decision_type=2 2 2 2 2 2 2 2 2 2 2 2 2 2 2 2 2 2 2 2 2 2 2 2 2 2 2 2 2 2
left_child=1 2 3 4 5 11 10 14 16 -9 18 -1 -7 -10 -5 17 -3 -6 20 -18 -4 -14 23 28 -24 -23 27 -2 29 -8
right_child=26 8 6 7 15 12 22 9 13 -11 -12 -13 21 -15 -16 -17 19 -19 -20 -21 -22 25 24 -25 -26 -27 -28 -29 -30 -31
leaf_value=-0.015427287722117617 0.0012116614821099667 0.034650051034450173 0.014691070359692335 0.004900323069097056 -0.0084882513161513556 -0.0016052204600071529 0.0070420565136275872 -0.0078436192435956797 0.018443046000276127 0.0019843918505662874 0.012785619223767719 -0.0095805376848543452 0.019909124626475334 0.031450029489558426 0.0015734953631319837 0.0077164048674085665 0.007422508363627971 0.002831130515154072 -0.011833644463216525 0.01855462156934979 0.00041974697516715094 -0.011129794217004229 -0.0055280154857610311 0.031699043515669593 0.013121580017079049 0.013864760375945404 -0.014983788060115834 -0.028092172140717353 0.005458842241952414 -0.0043533160061300404
leaf_weight=2132.0965086966753 39.934015035629272 53.86918643116951 204.93566361069679 4531.8422272503376 308.73853048682213 1781.6544657945633 754.18398426473141 998.43205584585667 1099.183624252677 1123.5797442644835 2048.8217807561159 2577.6844674348831 28.653770998120308 229.62143364548683 7344.3400345444679 832.48278234899044 834.86322404444218 794.34740209579468 101.97503042221069 294.64803475141525 336.14845603704453 968.3114924877882 102.98237311840057 43.979898944497108 534.29002012312412 39.513429120182991 2736.3323397040367 269.1202574968338 1897.7377558350563 1057.3887708038092
leaf_count=8625 163 216 820 18135 1237 7142 3018 4011 4419 4498 8203 10410 115 929 29392 3331 3343 3182 408 1181 1345 3899 412 176 2138 159 11119 1108 7592 4233
internal_value=0.000105075 0.00158355 0.000367093 -0.00152983 -0.00676811 -0.0093122 0.00665028 0.00201174 0.0163676 -0.00264132 0.0104559 -0.01223 -0.00443317 0.0207127 0.00284329 0.00312619 0.0114752 -0.000341827 0.00302513 0.0103403 0.00584214 -0.00928804 0.00431516 0.00332986 0.0101039 -0.0101371 -0.0159383 -0.024314 0.00298505 0.00039201
internal_weight=36101.7 33056.3 30544.1 23461.7 9463.48 7527.91 7082.44 13998.2 2512.19 2122.01 2691.88 4709.78 2818.13 1328.81 11876.2 1935.57 1183.38 1103.09 643.059 1129.51 541.084 1036.48 4390.56 3753.29 637.272 1007.82 3045.39 309.054 3709.31 1811.57
internal_count=144959 132569 122481 94136 38100 30350 28345 56036 10088 8509 10776 19035 11315 5348 47527 7750 4740 4419 2573 4524 2165 4173 17569 15019 2550 4058 12390 1271 14843 7251
is_linear=0
shrinkage=0.05


Tree=10
num_leaves=31
num_cat=0
split_feature=17 2 8 13 2 14 3 4 2 3 1 19 2 6 1 19 3 8 19 8 1 9 5 9 19 4 1 19 19 19
split_gain=307.756 176.367 133.843 152.553 67.4092 32.2828 25.6653 21.0317 19.7152 23.0062 17.4811 15.7185 15.3612 13.7025 13.3511 13.1554 12.5703 12.499 11.8346 11.5218 11.4691 10.8328 10.3202 10.9593 11.1164 9.91628 9.88419 10.7859 9.79752 12.3269
threshold=1.0000000180025095e-35 3.9701999425888066 14.098949909210207 1.0000000180025095e-35 2.3705500364303593 1.0000000180025095e-35 35.572549819946296 4.5000000000000009 2.0632499456405644 17.848349571228031 12.867449760437013 -0.37985000014305109 1.8172499537467959 10.928699970245363 28.316800117492679 1.5046499967575075 63.527648925781257 17.131350517272953 5.6757500171661386 7.7688498497009286 17.247249603271488 4.3179500102996835 3.3105499744415288 2.7130500078201298 -6.7473499774932852 7.5000000000000009 7.3426499366760263 -1.4535000324249265 7.8159499168396005 7.1919498443603525
decision_type=2 2 2 2 2 2 2 2 2 2 2 2 2 2 2 2 2 2 2 2 2 2 2 2 2 2 2 2 2 2
left_child=1 2 3 4 5 12 -4 -7 -5 21 11 -3 16 25 22 -13 18 -8 -1 -11 -12 -10 23 -14 -25 -2 -6 -28 29 -23
right_child=13 10 6 8 26 7 17 -9 9 19 20 15 14 -15 -16 -17 -18 -19 -20 -21 -22 28 -24 24 -26 -27 27 -29 -30 -31
leaf_value=-0.011713339181926311 -0.0097069852659104165 0.012228513833738007 0.010072037247667854 0.0024720081383035764 0.0086566862889775938 -0.0010464574115718942 0.0092702389549162087 -0.0099429168919819445 0.0072105663000780629 0.0098820868622246424 0.01216928959801555 0.039081656749832064 -0.015515913551966423 -0.022303098943500639 -0.019136191155401189 0.018672927128721446 -0.039845239899537171 0.0025311556559180493 -0.020930567905426287 -0.0092288313069839919 -0.0075302541842814964 -0.0012711854853723031 -0.036020753110985258 -0.015962998362955449 -0.0041499092802676938 -0.016241380644186707 -0.0076985297196853686 0.0031168949952191057 0.030117164134485109 -0.029995485466911033
leaf_weight=1788.3295559585094 946.33777885138988 269.37868076562881 2636.2938751876354 11553.975454568863 477.52351257205009 1786.7605409175158 852.4124049693346 1056.767144292593 562.65400455892086 84.595058545470238 1954.3546570837498 156.171716183424 314.31765647232533 581.03958350419998 261.54326179623604 165.82516245543957 45.603734597563744 3558.2782470583916 434.73428863286972 1029.8171559125185 76.149591520428658 786.20611353218555 29.78090837597847 223.55808359384537 1775.9107420295477 1528.6696092635393 318.77289551496506 824.90384095907211 22.482493251562119 38.220083713531494
leaf_count=7245 3850 1087 10557 46233 1911 7163 3411 4258 2252 339 7846 631 1270 2384 1058 669 186 14239 1761 4140 305 3147 120 903 7173 6226 1277 3303 90 153
internal_value=-0.000202578 0.00119987 0.000128711 -0.00168943 -0.00664417 -0.00859102 0.00616961 -0.00435507 0.00159749 -0.00240517 0.0136408 0.0212095 -0.011061 -0.0153812 -0.00843552 0.0286617 -0.0140708 0.00383536 -0.0135244 -0.00777056 0.0114272 0.00183925 -0.00723367 -0.00684775 -0.00547804 -0.0137478 0.00262292 9.82587e-05 -0.00173354 -0.00263756
internal_weight=36141.4 33085.3 30463.4 23416.5 9338.51 7717.31 7046.98 2843.53 14078 2523.97 2621.88 591.376 4873.78 3056.05 2605.11 321.997 2268.67 4410.69 2223.06 1114.41 2030.5 1409.56 2343.57 2313.79 1999.47 2475.01 1621.2 1143.68 846.909 824.426
internal_count=145187 132727 122189 93982 37628 31137 28207 11421 56354 10121 10538 2387 19716 12460 10524 1300 9192 17650 9006 4479 8151 5642 9466 9346 8076 10076 6491 4580 3390 3300
is_linear=0
shrinkage=0.05


Tree=11
num_leaves=31
num_cat=0
split_feature=2 8 20 3 18 2 3 20 1 8 20 20 0 8 4 10 5 19 10 1 19 20 20 11 3 2 0 0 19 5
split_gain=228.747 162.451 337.434 37.1408 35.3135 32.6726 29.2874 27.9181 17.8609 16.3915 19.0626 14.5802 14.3671 14.271 13.2173 17.1639 11.8458 12.1524 11.7172 11.6404 11.073 11.0716 10.8116 10.461 17.7631 13.5437 10.3987 10.3816 10.08 10.0176
threshold=2.7382500171661381 16.827399253845218 9.6807999610900897 19.304300308227543 1.0000000180025095e-35 2.3076499700546269 35.572549819946296 4.4076499938964853 14.073050022125246 23.218750000000004 17.930150032043461 18.024049758911136 4.4594998359680185 18.477800369262699 6.5000000000000009 7.897749900817872 -0.95375001430511464 -6.214550018310546 7.9060499668121347 7.4748499393463144 5.2292001247406015 10.967050075531008 10.089149951934816 1.5000000000000002 29.92035007476807 7.3577499389648446 -8.670099735260008 -5.9822499752044669 -5.3234999179840079 2.8818500041961674
decision_type=2 2 2 2 2 2 2 2 2 2 2 2 2 2 2 2 2 2 2 2 2 2 2 2 2 2 2 2 2 2
left_child=1 2 3 -1 23 26 21 18 12 10 13 -7 20 27 -5 -16 -12 -18 -6 29 -9 -3 -22 -2 25 -25 -4 -8 -15 -17
right_child=4 6 5 14 7 11 9 8 -10 -11 16 -13 -14 28 15 19 17 -19 -20 -21 22 -23 -24 24 -26 -27 -28 -29 -30 -31
leaf_value=0.0022049696402775816 0.0097301452224929034 0.0036279425197172539 -0.017966627276285677 -0.0009253669134280468 0.0073598726579907946 0.0027543163559612545 0.040765249020944194 0.038059497093341367 0.015004769641879457 0.024649806591613154 0.015675853953626171 -0.011675135168186423 0.011441270647478578 -0.0093163188436660004 0.0052000637518409389 -0.0029866150596415055 -0.0098976412002972705 0.0069904744668312525 0.020133655683756232 -0.014033408348600519 0.041423324090751418 0.011540921139389091 0.0062991791549113114 0.017258901024837552 -0.0013002993551283369 -0.013010922756121339 -0.011960845853731084 0.0058373816547289412 -0.00040418097510261792 -0.015224102853464306
leaf_weight=11782.583905220032 829.22250528633595 568.16418580710888 810.79587183892727 3500.2459274828434 1111.2217298597097 536.45809468626976 21.494973212480545 255.67951752245426 701.00507912039757 82.180468678474426 318.48272000253201 258.67915889620781 106.05263404548168 411.75699691474438 289.84973883628845 958.3803655654192 126.49256345629692 648.94368150830269 213.85624615848064 536.90071009099483 32.039145916700363 2009.4319797158241 66.388631448149681 253.77083539962769 853.93204276263714 42.470622181892395 6792.9282879382372 408.14005818963051 1371.9655280709267 201.79500879347324
leaf_count=47150 3319 2273 3298 14031 4457 2150 86 1038 2821 329 1274 1038 430 1648 1161 3850 506 2596 860 2169 130 8052 269 1016 3419 170 27616 1633 5491 813
internal_value=-0.000152396 -0.00164783 -0.00337536 0.000622653 0.0104396 -0.0115952 0.00578283 0.0144063 0.0200664 0.0027268 0.00217476 -0.00194873 0.0277279 -0.000494492 -0.00277483 -0.00603082 0.00757107 0.00422641 0.00943508 -0.00795091 0.0325597 0.00979879 0.018034 0.00545244 0.00236264 0.0128901 -0.0126035 0.00767546 -0.00246554 -0.00512642
internal_weight=36101.3 31635.7 25668.6 17269.8 4465.64 8398.86 5967.05 2486.24 1161.17 3389.46 3307.28 795.137 460.16 2213.36 5487.17 1986.93 1093.92 775.436 1325.08 1697.08 354.107 2577.6 98.4278 1979.4 1150.17 296.241 7603.72 429.635 1783.72 1160.18
internal_count=145093 127164 103276 69174 17929 34102 23888 10005 4688 13563 13234 3188 1867 8858 22024 7993 4376 3102 5317 6832 1437 10325 399 7924 4605 1186 30914 1719 7139 4663
is_linear=0
shrinkage=0.05


Tree=12
num_leaves=31
num_cat=0
split_feature=2 8 20 3 3 2 20 20 8 3 4 2 10 8 1 20 6 1 19 8 8 5 20 19 5 6 3 9 4 10
split_gain=205.857 146.023 284.574 47.1505 30.0072 28.7815 28.1475 23.5227 15.9197 15.7141 15.1171 13.4043 16.2253 15.5797 12.4858 11.8494 11.3858 11.3352 11.2724 10.8803 10.8262 10.7691 10.452 9.85309 10.353 9.28001 9.12072 9.25761 8.91965 8.87598
threshold=2.7382500171661381 14.098949909210207 9.6807999610900897 19.304300308227543 27.021699905395511 2.3076499700546269 11.275099754333498 3.0047500133514409 7.9056501388549814 35.464149475097663 6.5000000000000009 7.3125500679016122 11.036849975585939 9.6826500892639178 7.4849500656127939 11.323150157928469 23.956399917602543 7.5141501426696786 -6.12564992904663 7.8889498710632333 7.9039499759674081 2.8818500041961674 3.6744500398635869 7.450550079345704 4.0326499938964853 7.9040498733520517 63.527648925781257 3.4742499589920048 10.500000000000002 7.8767499923706064
decision_type=2 2 2 2 2 2 2 2 2 2 2 2 2 2 2 2 2 2 2 2 2 2 2 2 2 2 2 2 2 2
left_child=1 2 3 8 17 26 -3 -6 16 -8 -5 12 25 22 21 -7 19 18 -2 -1 -19 29 28 24 -16 -9 -4 -28 -13 -12
right_child=4 6 5 10 7 15 9 11 -10 -11 14 13 -14 -15 23 -17 -18 20 -20 -21 -22 -23 -24 -25 -26 -27 27 -29 -30 -31
leaf_value=0.0073361744509865216 0.00094569273962673327 0.0011438559527949524 -0.011560069288267628 -0.0013578237621542058 -0.0049887051420737429 0.0069412461224539869 0.01239377132727542 0.0045749390999796687 -0.0030179639802186348 0.0056227948397140574 0.010332830338839746 -0.0076402454963099935 0.01261077904308444 0.045724364608560636 -0.017590148158728711 -0.0060705815462973895 -0.028549228461762874 0.012105521937381944 0.031118233571463885 0.0023730954081862387 0.025940223818840702 -0.013738620837495592 0.015277413899417861 0.0092721852157452832 0.010872900931655931 -0.0075447950054097187 -0.0061602925619366946 -0.045683645174613839 0.016881452252977925 -0.0039728083095283114
leaf_weight=1255.0024695396423 37.260962396860123 2586.4687053561211 7533.8735100775957 3085.5100804120302 360.86787262558937 265.86694101989269 1287.5201862305403 910.06187237799168 1281.489180251956 2569.1891030073166 119.88922035694122 104.50458455085754 615.53163073956966 35.831271752715111 449.91125878691673 507.2179446965456 27.736584395170212 1166.7256911098957 183.78746876120567 9164.8480977416039 161.18165244162083 259.87579715251923 629.08420060575008 42.785910442471504 33.731101214885712 190.12856666743755 24.375637546181679 38.221759662032127 56.187403097748756 1053.7837422043085
leaf_count=5021 150 10352 30678 12372 1445 1065 5162 3646 5131 10284 480 419 2465 146 1820 2035 111 4696 741 36671 651 1047 2537 173 136 762 100 157 225 4233
internal_value=-0.000116499 -0.00153516 -0.00325606 0.000501352 0.00994903 -0.010786 0.00518002 0.00694585 0.00223995 0.00788584 -0.00353995 0.00864185 0.00611687 0.0138754 -0.00697274 -0.00159258 0.00288511 0.0155678 0.0260594 0.00297151 0.013803 -0.00454875 0.0123744 -0.0135525 -0.0155867 0.00247553 -0.0117212 -0.030632 0.000985364 -0.00250395
internal_weight=36038.5 31587.3 25144.1 16774.6 4451.15 8369.56 6443.18 2902.2 11729.1 3856.71 5045.49 2541.33 1715.72 825.607 1959.98 773.085 10447.6 1548.96 221.048 10419.9 1327.91 1433.55 789.776 526.428 483.642 1100.19 7596.47 62.5974 160.692 1173.67
internal_count=144911 127028 101230 67195 17883 34035 25798 11645 46934 15446 20261 10200 6873 3327 7889 3100 41803 6238 891 41692 5347 5760 3181 2129 1956 4408 30935 257 644 4713
is_linear=0
shrinkage=0.05


Tree=13
num_leaves=31
num_cat=0
split_feature=17 2 11 13 2 14 3 20 2 3 2 20 8 3 4 4 2 3 8 3 6 20 6 20 20 2 5 20 7 7
split_gain=257.287 145.163 94.7429 103.176 42.053 28.3734 26.451 20.4265 20.1545 21.1297 16.2218 14.5387 12.602 12.8993 12.5713 10.7269 10.6555 10.4056 10.4045 10.1988 10.0627 17.168 12.2922 9.68568 9.30248 9.27936 9.11216 8.94098 8.74908 8.44049
threshold=1.0000000180025095e-35 3.9701999425888066 1.0000000180025095e-35 1.0000000180025095e-35 2.7382500171661381 1.0000000180025095e-35 35.480350494384773 3.5199500322341923 2.0732499361038212 16.049949645996097 2.3076499700546269 10.917049884796144 22.214699745178226 32.826999664306648 4.5000000000000009 6.5000000000000009 2.1765500307083134 27.021699905395511 7.9043500423431405 28.396149635314945 7.9006500244140634 11.836349964141847 8.0003499984741229 11.377950191497805 2.9576500654220585 1.4536499977111819 -1.5250499844551084 18.309849739074711 -2.9631500244140621 -6.5687499046325675
decision_type=2 2 2 2 2 2 2 2 2 2 2 2 2 2 2 2 2 2 2 2 2 2 2 2 2 2 2 2 2 2
left_child=1 2 6 4 5 10 11 17 -5 -10 25 -1 13 -2 28 -11 -17 -3 -9 -18 -8 22 29 -12 -21 -4 -23 -14 -7 -22
right_child=12 7 3 8 -6 14 20 18 9 15 23 -13 27 -15 -16 16 19 -19 -20 24 21 26 -24 -25 -26 -27 -28 -29 -30 -31
leaf_value=0.0022421394025349665 -0.013299677760924855 0.010673399786827756 -0.018371215559008298 0.0022265358944984692 0.004737445711393326 -0.0016045674944616427 0.0078878234411869311 0.013498235159418868 0.001965432965068202 -0.0016856672820948191 0.0054596915104838765 0.011722612388086856 -0.0085914476593339662 -0.023594579156987705 -0.0068422421722272482 -0.015543557669036491 0.012309168220011787 -0.0012901202245494143 0.023344454151669927 -0.030035009999742315 -0.026768860317780516 0.015881401815134741 0.0046097153418973059 -0.0063127045618617929 -0.0027601955579333484 -0.0092278575389096399 0.0042878376043772488 0.027094428140805843 0.0077183802578608216 -0.0031578569835460264
leaf_weight=520.92981778085232 2627.8558780997992 409.58358661830425 296.73402990400791 11598.393876805902 912.95796909928322 1539.8388743847609 897.71739462018013 1563.3063128888607 1173.0331820696592 485.84400922060013 280.88822458684444 1815.2008025944233 39.708065032958984 345.63922169804573 1097.2691417038441 485.67605026066303 76.475481584668159 325.77280987799168 326.32674685120583 40.908330798149109 37.973662257194519 187.66458258032799 626.90346828103065 458.73509159684181 124.01544353365898 4344.2662028521299 1687.6992138773203 29.971869021654129 299.77150367200375 1345.5510052740574
leaf_count=2084 10766 1643 1216 46407 3653 6174 3593 6306 4694 1948 1125 7281 159 1434 4430 1965 306 1305 1331 164 152 751 2509 1839 497 17643 6753 120 1202 5387
internal_value=-0.00010323 0.00118128 0.000204984 -0.00134252 -0.00544509 -0.00656319 0.00525035 0.0124591 0.00136561 -0.00281865 -0.00872049 0.00961044 -0.0140111 -0.0145039 -0.00260921 -0.00744321 -0.0112829 0.00537884 0.0152101 -0.00268204 0.00311944 0.00201608 -0.0011937 -0.00184054 -0.00966579 -0.00981629 0.00545583 0.00692451 -8.19897e-05 -0.00382478
internal_weight=36002.6 32959.4 30334.4 23214.8 9230.46 8317.5 7119.64 2624.99 13984.3 2385.95 5380.62 2336.13 3043.18 2973.5 2936.88 1212.92 727.075 735.356 1889.63 241.399 4783.51 3885.79 2010.43 739.623 164.924 4641 1875.36 69.6799 1839.61 1383.52
internal_count=144837 132358 121773 93263 37282 33629 28510 10585 55981 9574 21823 9365 12479 12200 11806 4880 2932 2948 7637 967 19145 15552 8048 2964 661 18859 7504 279 7376 5539
is_linear=0
shrinkage=0.05


Tree=14
num_leaves=31
num_cat=0
split_feature=17 18 12 10 13 2 20 20 20 4 8 3 3 1 1 8 20 20 8 2 3 10 19 1 19 3 8 8 8 5
split_gain=223.675 131.872 70.4591 43.5292 54.4451 55.0957 27.99 26.1446 22.5771 20.4618 17.2887 16.344 12.7245 11.8774 11.6336 13.3379 11.5195 14.2625 11.4404 10.7412 10.2452 10.0496 9.63322 9.25684 10.0332 12.6975 12.2483 9.16723 8.98346 8.88006
threshold=1.0000000180025095e-35 1.0000000180025095e-35 1.0000000180025095e-35 16.885600090026859 1.0000000180025095e-35 2.1413500308990483 4.4233498573303232 4.3771500587463388 11.836349964141847 4.5000000000000009 22.801150321960453 36.169649124145515 50.924098968505866 15.843349933624269 8.1963000297546404 7.9003500938415536 17.205349922180179 17.39165019989014 7.9033498764038095 1.5789499878883364 35.401550292968757 7.5202000141143808 -0.99114999175071705 7.3771500587463388 6.2063498497009286 41.071649551391609 7.9086499214172372 23.988450050354007 7.95105004310608 -1.0881499648094175
decision_type=2 2 2 2 2 2 2 2 2 2 2 2 2 2 2 2 2 2 2 2 2 2 2 2 2 2 2 2 2 2
left_child=1 2 7 4 5 9 18 -1 10 27 20 19 -12 28 21 -16 -9 -18 -3 -10 -5 29 -15 -7 26 -26 -25 -4 -8 -6
right_child=-2 6 3 8 14 23 13 16 11 -11 12 -13 -14 22 15 -17 17 -19 -20 -21 -22 -23 -24 24 25 -27 -28 -29 -30 -31
leaf_value=-0.000583607479295114 -0.013047011527767383 0.0051441265772181827 -0.00089180301595674107 0.028639311363055326 -0.042447221637615273 0.0051843308916866594 0.018359769578772007 -0.011175650861392048 0.018250647569759516 -0.010219874750975745 -0.0050866204972900651 0.0042098180377966553 0.014834540670028243 -0.0081767849746714107 -0.01963006310784671 0.0002756554733835191 0.01079143062574596 -0.0065401233243794106 0.017026685914188783 0.0088954292580983047 0.0039425842979584676 0.002036689016160405 0.01480568108622171 -0.0039930258915436201 -0.0015361925493502944 -0.030448068146389579 0.0083809918500749592 0.02547351649397241 0.032604334667056867 0.0018840813283221146
leaf_weight=1804.0144210010767 3014.8726181685925 1094.5629525333643 435.95090627670288 41.960871905088425 22.960906490683556 1091.4585080891848 811.89003963768482 1558.7052076905966 403.39911130070686 2623.4659068286419 969.12553802132607 1720.6705458164215 86.413938254117966 68.816650107502937 133.20181812345982 225.57759557664394 130.23063804209232 1251.2762108445168 248.08761978149414 1295.195079728961 1930.7737929821014 13740.196316987276 131.17117524147034 526.55581417679787 96.065539658069611 61.924931824207306 321.08236485719681 34.662179663777351 129.87236873805523 21.217756614089012
leaf_count=7235 12391 4397 1752 168 92 4376 3294 6336 1619 10660 3881 6884 346 277 538 908 528 5080 1002 5199 7729 54995 528 2109 385 248 1287 139 536 85
internal_value=-1.2674e-05 0.00117812 0.000276384 0.00130688 0.000120396 -0.00425863 0.0122533 -0.00532283 0.00486425 -0.00849831 0.00171943 0.00764814 -0.00344324 0.018007 0.00172788 -0.00714864 -0.00822946 -0.0048997 0.00735076 0.0111266 0.00448214 0.00195942 0.00689598 0.00199774 -0.00146253 -0.0129885 0.000698561 0.00109998 0.0203566 -0.0215857
internal_weight=36025.4 33010.5 30526.1 25781.9 19334.3 5191.17 2484.4 4744.23 6447.54 3094.08 3028.27 3419.26 1055.54 1141.75 14143.2 358.779 2940.21 1381.51 1342.65 1698.59 1972.73 13784.4 199.988 2097.09 1005.63 157.99 847.638 470.613 941.762 44.1787
internal_count=145004 132613 122579 103400 77574 20956 10034 19179 25826 12551 12124 13702 4227 4635 56618 1446 11944 5608 5399 6818 7897 55172 805 8405 4029 633 3396 1891 3830 177
is_linear=0
shrinkage=0.05


Tree=15
num_leaves=31
num_cat=0
split_feature=17 2 11 13 3 3 20 20 2 10 1 6 2 6 8 19 1 20 1 1 3 19 2 20 8 1 8 20 2 19
split_gain=211.565 129.685 69.7427 105.04 20.4226 17.1245 15.5404 15.2253 15.5844 14.1154 12.8439 12.7751 12.3554 12.1007 10.6794 10.6599 10.5359 11.9496 10.3982 10.3535 10.2953 10.1703 10.0997 9.78941 9.65024 9.11293 8.93611 10.2293 8.82815 8.57992
threshold=1.0000000180025095e-35 2.8021500110626225 1.0000000180025095e-35 1.0000000180025095e-35 27.407899856567386 36.169649124145515 3.0047500133514409 10.138749599456789 1.5171499848365786 8.1467499732971209 8.1963000297546404 7.9696500301361093 2.105450034141541 7.9000501632690439 23.218750000000004 -1.5690500140190122 15.033449649810793 10.967050075531008 7.429150104522706 7.3146500587463388 15.608749866485597 -7.1082501411437979 2.3076499700546269 17.360449790954593 7.8613500595092782 3.7209500074386601 7.899749994277955 18.686349868774418 3.1724499464035039 5.31785011291504
decision_type=2 2 2 2 2 2 2 2 2 2 2 2 2 2 2 2 2 2 2 2 2 2 2 2 2 2 2 2 2 2
left_child=1 2 5 7 19 15 18 -4 -9 13 -5 -11 -2 21 -7 -1 -17 -18 -6 -3 29 -8 24 -24 -10 -26 -15 -28 -20 -14
right_child=12 4 3 10 6 14 9 8 22 11 -12 -13 20 26 -16 16 17 -19 28 -21 -22 -23 23 -25 25 -27 27 -29 -30 -31
leaf_value=0.0023005650495331394 -0.011267494142817101 0.034488853523897266 -0.0030529090697804656 0.0017778162024811098 -0.015700824814707363 0.002169269340164088 -0.006854375945536147 -0.016687996189627196 -0.041456739968556033 0.017786493854350004 -0.0072627565764249438 0.0044424392993711549 -0.018632334785138656 0.009055636301876514 0.01954446586357958 0.036651927111536142 0.0017305524762532911 0.011169817922554564 0.029913273443861545 0.012921219011236383 -0.028482522456643313 0.0091338298576607996 0.0049967763151025036 -0.0066275273494203982 -0.038856511200851089 -0.0071682142937720033 -0.012595497320446854 0.022661621398899739 -0.0011305056557116614 0.0062501220271944519
leaf_weight=666.4451911598444 2620.5224214196205 56.960818633437157 3496.6799163073301 13387.518068104982 116.0865937769413 3783.2723251283169 109.82397696375847 410.63213902711868 19.919888094067574 537.0862485319376 403.77241481840611 270.29133269190788 125.24726313352585 97.53635972738266 89.574844151735306 34.479798823595047 429.1863709539175 1538.2351847290993 25.735239535570145 1694.1003207564354 206.0097488462925 991.06747370958328 344.04011401534081 380.27775375545025 21.881320580840111 3738.8997279703617 200.46745829284191 21.993404850363731 159.2559817135334 47.175280779600143
leaf_count=2673 10790 231 14088 53581 465 15140 441 1686 81 2171 1627 1083 515 391 359 138 1717 6178 103 6844 853 3980 1378 1525 89 15217 804 88 638 194
internal_value=0.000217911 0.00137272 0.00016351 -0.00117329 0.00949113 0.00470067 0.00661318 -0.00557627 -0.00737024 0.0080535 0.00151262 0.0133302 -0.0124953 0.00504789 0.00257608 0.00778218 0.00960499 0.0091126 -0.00403799 0.0136421 -0.0209453 0.00753409 -0.00651742 -0.00110688 -0.00755342 -0.00736287 -0.00350223 -0.00902402 0.00332579 -0.0118276
internal_weight=36024.2 33025.2 28744.8 22203.6 4280.41 6541.19 2529.34 8412.33 4915.65 2228.27 13791.3 807.378 2998.95 1420.89 3872.85 2668.35 2001.9 1967.42 301.078 1751.06 378.432 1100.89 4505.02 724.318 3780.7 3760.78 319.997 222.461 184.991 172.423
internal_count=145068 132716 115477 89272 17239 26205 10164 34064 19976 8958 55208 3254 12352 5704 15499 10706 8033 7895 1206 7075 1562 4421 18290 2903 15387 15306 1283 892 741 709
is_linear=0
shrinkage=0.05


Tree=16
num_leaves=31
num_cat=0
split_feature=17 18 12 4 13 2 8 20 20 2 1 20 1 0 8 1 8 2 8 1 2 0 5 1 6 5 8 6 7 7
split_gain=182.617 112.513 70.5272 43.8833 48.4763 65.6408 20.8192 17.8762 16.2516 15.6752 14.6215 14.5655 14.0359 16.7227 12.4339 12.2521 12.9608 10.2265 10.1653 9.97316 11.4712 9.74041 9.21633 9.12047 9.05031 9.89063 8.97162 8.93906 8.88507 8.75299
threshold=1.0000000180025095e-35 1.0000000180025095e-35 1.0000000180025095e-35 4.5000000000000009 1.0000000180025095e-35 2.4424500465393071 7.9635500907897958 3.3493499755859379 4.547649860382081 1.8724499940872195 8.3306002616882342 17.615050315856937 12.867449760437013 4.90275001525879 22.800950050354007 7.1559998989105233 7.9982500076293954 2.0040500164031987 23.988450050354007 4.7276501655578622 2.0372500419616704 -1.6841500401496885 3.5875500440597539 28.316800117492679 7.9010500907897958 0.18394999951124194 9.4591999053955096 7.8984498977661142 -4.5068500041961661 -4.0625500679016104
decision_type=2 2 2 2 2 2 2 2 2 2 2 2 2 2 2 2 2 2 2 2 2 2 2 2 2 2 2 2 2 2
left_child=1 2 8 11 5 -5 10 -3 -1 -8 27 18 13 -9 15 16 -2 -18 24 -11 -21 -12 -17 -13 -4 -26 29 -6 -20 -22
right_child=14 7 3 4 6 -7 9 12 -10 19 21 23 -14 -15 -16 22 17 -19 28 20 26 -23 -24 -25 25 -27 -28 -29 -30 -31
leaf_value=-0.0017115502240599913 -0.010869584458925783 0.0040505932126995324 0.0046153175034053867 -0.008538529758518057 -0.0069309281085459824 0.004569947953157516 0.002731079902835437 0.027265393678179539 -0.0076327252619319656 0.01394353174462875 -0.031355255090257557 0.0079659118452317657 0.011706201237010628 0.0001847584041329344 0.012439761210425452 -0.017461091892862917 0.020817420149102775 -0.0067796667892716898 0.0071423062259297542 -0.03257401769499492 -0.022175669294952471 -0.0038708771203415371 0.0096993546206031872 -0.0049253430691441041 -0.0024202562557951975 0.0036651975127480747 -0.00051198592767711553 0.0024610938318880629 0.040599340271505489 -0.001656937384129336
leaf_weight=1980.3444674909115 1822.8543896526098 604.6795701533556 2835.4382843375206 3088.4613437354565 258.01075521111488 1381.5585789531469 301.52708534896374 318.03050816059113 2794.9609255343676 34.466387122869492 50.346220031380653 2696.529854208231 1464.314115151763 69.426539897918701 51.908051490783691 964.01042197644711 58.060961648821831 76.960832089185715 52.097207173705101 67.450827404856682 174.71938075125217 87.517351448535919 31.67662987112999 143.91347873210907 1362.9056138694286 1307.0736188590527 146.54908165335655 11704.285712093115 31.605494648218155 74.048287004232407
leaf_count=7944 7510 2427 11359 12552 1033 5531 1207 1310 11386 138 204 10817 5925 285 208 4001 239 317 209 270 705 353 131 577 5458 5234 592 46835 127 299
internal_value=0.000156582 0.00123039 0.00040305 0.00143627 -3.9052e-07 -0.00448695 0.00155462 0.0115234 -0.00517806 -0.00625881 0.00207088 0.00439614 0.01396 0.0224259 -0.0116411 -0.0120684 -0.00976253 0.00515321 0.00291361 -0.0117049 -0.0136411 -0.0140614 -0.0165881 0.00731126 0.00264862 0.000559101 -0.0103367 0.00225796 0.0201056 -0.0160991
internal_weight=36035.7 33030.3 30573.8 25798.5 17368.9 4470.02 12898.9 2456.45 4775.31 798.761 12100.2 8429.56 1851.77 387.457 3005.47 2953.56 1957.88 135.022 5589.12 497.234 462.768 137.864 995.687 2840.44 5505.42 2669.98 395.317 11962.3 83.7027 248.768
internal_count=145183 132777 122830 103500 69719 18083 51636 9947 19330 3211 48425 33781 7520 1595 12406 12198 8066 556 22387 2004 1866 557 4132 11394 22051 10692 1596 47868 336 1004
is_linear=0
shrinkage=0.05


Tree=17
num_leaves=31
num_cat=0
split_feature=17 18 11 13 1 10 3 19 1 20 3 20 20 16 6 20 3 8 3 20 5 20 0 19 19 8 1 19 10 5
split_gain=175.58 90.9318 65.0228 74.9751 19.7457 14.4672 12.6192 13.1234 11.9528 11.7714 11.7993 11.1252 10.383 9.74581 9.51745 9.12135 11.3716 9.41891 9.07692 8.98138 10.9578 8.3965 8.23527 8.22032 8.75699 8.27489 8.1731 10.2365 8.60408 9.0392
threshold=1.0000000180025095e-35 1.0000000180025095e-35 1.0000000180025095e-35 1.0000000180025095e-35 15.410850048065187 7.8382999897003183 35.480350494384773 -7.8630499839782706 7.3286499977111825 18.905650138854984 63.527648925781257 3.6128499507904057 4.5167498588562021 1.0000000180025095e-35 22.331699371337894 18.309849739074711 37.136051177978523 22.800849914550785 27.631050109863285 17.867699623107914 1.7584999799728396 19.097249984741214 10.076349735260012 5.2749500274658212 1.3917500376701357 7.900249958038331 7.9888000488281259 1.1933500170707705 7.5202000141143808 -1.0881499648094175
decision_type=2 2 2 2 2 2 2 2 2 2 2 2 2 2 2 2 2 2 2 2 2 2 2 2 2 2 2 2 2 2
left_child=1 2 6 5 8 -4 7 -1 -3 10 -7 -10 -6 -8 15 16 -2 22 23 20 -9 -21 -17 24 -13 -25 28 -28 29 -5
right_child=14 4 3 26 12 9 13 19 11 -11 -12 18 -14 -15 -16 17 -18 -19 -20 21 -22 -23 -24 25 -26 -27 27 -29 -30 -31
leaf_value=-0.013526989972985366 -0.012670399538309047 0.032676999304147594 0.0073843853648289798 -0.041151287815208472 -0.0028270972603509897 -0.0038409070910189352 0.0022661265572579826 0.0046322713689659423 0.006309267180266716 -0.011383954303233792 -0.011478722827718186 0.013739459942888242 0.0097089120116415871 0.010299529674791714 -0.02023484957849454 -0.0093126872485147713 -0.038506930127143131 0.021203448391149429 0.023126943913835348 0.013848440094924709 0.033669657954709706 0.0011462409016311744 0.0075831829417200404 -0.00067803646689395646 0.036487487141258747 0.021552536814080869 0.00047890954919710188 -0.013579149734305147 0.0015959927885604058 0.0027897102712461986
leaf_weight=71.285703852772713 1377.0418196767569 72.970470115542412 248.67378069460392 23.163209915161133 363.68214640021324 7961.3766545951366 4360.1688770949841 1249.7071986943483 562.85060672461987 634.56083147227764 539.31631748378277 620.12307599186897 301.10043135285378 412.47928756475449 291.69395059347153 1186.5928190201521 43.236511841416359 26.733541652560234 260.15231235325336 804.08784264326096 32.392784044146538 155.40429864823818 76.055800408124924 181.93366177380085 44.921246916055679 53.347779929637909 354.80719462037086 202.85219240188599 13457.548446878791 22.467293366789818
leaf_count=286 5685 300 997 93 1460 32231 17454 5013 2263 2579 2193 2526 1218 1654 1230 4902 178 107 1073 3234 130 625 314 739 183 218 1429 818 53858 90
internal_value=-7.26137e-05 0.000980834 0.000235396 -0.00103316 0.0102243 -0.00449406 0.00443239 0.00746306 0.0129478 -0.00481818 -0.00432677 0.0120939 0.0028569 0.00296243 -0.0116488 -0.0107173 -0.0134835 -0.00766231 0.0148917 0.00813631 0.00539158 0.0117945 -0.00828977 0.0124891 0.0153285 0.00443241 0.00127673 -0.00464995 0.00152182 -0.01992
internal_weight=35992.7 32991.4 30530.3 23444.8 2461.08 9383.93 7085.53 2312.88 1796.3 9135.25 8500.69 1723.33 664.783 4772.65 3001.35 2709.66 1420.28 1289.38 1160.48 2241.59 1282.1 959.492 1262.65 900.326 665.044 235.281 14060.8 557.659 13503.2 45.6305
internal_count=145080 132664 122684 94288 9980 38000 28396 9288 7302 37003 34424 7002 2678 19108 12416 11186 5863 5323 4739 9002 5143 3859 5216 3666 2709 957 56288 2247 54041 183
is_linear=0
shrinkage=0.05


Tree=18
num_leaves=31
num_cat=0
split_feature=17 2 6 16 2 20 20 10 20 19 3 2 2 3 0 20 18 1 3 4 6 8 20 19 19 3 2 2 20 9
split_gain=152.976 87.1651 52.4078 50.1577 38.3269 26.8232 21.9735 17.4563 15.3188 13.882 16.3227 11.9454 17.1025 14.246 11.8277 11.6778 13.433 12.0533 10.937 12.059 10.1732 9.9703 9.91317 9.82254 9.22478 9.15548 10.312 9.12929 8.79858 13.5819
threshold=1.0000000180025095e-35 2.7382500171661381 8.3167500495910662 1.0000000180025095e-35 2.1645499467849736 11.836349964141847 4.563349962234498 22.801250457763675 3.6901500225067143 5.3638501167297372 24.380100250244144 2.0832500457763676 2.1467499732971196 51.66044998168946 8.2102003097534197 4.2659499645233163 1.0000000180025095e-35 14.073050022125246 14.861050128936769 4.5000000000000009 22.598000526428226 8.0798497200012225 18.309849739074711 -7.6834499835968009 -0.99114999175071705 37.132751464843757 1.8724499940872195 1.5733500123023989 18.937350273132328 4.9608500003814706
decision_type=2 2 2 2 2 2 2 2 2 2 2 2 2 2 2 2 2 2 2 2 2 2 2 2 2 2 2 2 2 2
left_child=1 2 3 5 28 7 8 11 -4 15 -11 13 18 -1 -6 -3 -17 -18 -13 -20 21 -2 -23 -15 -19 26 -7 -8 -5 -30
right_child=20 9 6 4 14 25 27 -9 -10 10 -12 12 -14 23 -16 16 17 24 19 -21 -22 22 -24 -25 -26 -27 -28 -29 29 -31
leaf_value=0.0023149049777753026 -0.010933106687429948 0.0055121473640533901 -0.0040786194637265237 -0.0088923077897151617 0.0027349352724709789 0.0083200587567442991 -0.01436952015720204 -0.0057743716724000674 0.0033194006285959411 0.027560722881348795 0.0011042723537709857 0.0015243003763158584 0.0022617833690824615 -0.029806746255944511 0.038269415021731465 0.0076484988693774642 0.023215013288869969 0.0045181786588887841 0.00096715326930462352 -0.012735348966023513 -0.019910658558528662 -0.0097195790307249841 0.010462970751749567 -0.0037046841126482447 0.017444487710574681 0.0016785515805009142 -0.0050968961923366189 -0.0061377671964803621 -0.031769547633439442 -0.0013076266372827709
leaf_weight=12814.2015863657 2448.2523592561483 1352.0315698385239 1746.9545571357012 1473.4499427974224 656.24883127212524 2287.3303968310356 383.90157534182072 902.95461162924767 1165.9017713218927 60.776071146130562 1038.1363838762045 328.85103344917297 1215.3146678507328 37.310779333114624 23.296261638402939 1028.7873819321394 353.88985387980938 261.59718962013721 215.7295857667923 625.38728958368301 285.42963878810406 129.37811793386936 113.07615783810616 619.3734178841114 293.39403656125069 943.00662069022655 152.12466345727444 2744.1567307561636 104.60472324490547 56.129785656929016
leaf_count=51278 10134 5438 7004 6020 2633 9190 1578 3616 4675 247 4187 1316 4866 152 94 4121 1467 1062 864 2535 1210 531 464 2515 1192 3774 612 11178 429 230
internal_value=-8.15183e-05 0.000901031 -0.000109278 0.00100291 -0.00596771 0.00180391 -0.00424299 0.000984013 -0.00111736 0.00745973 0.00259119 0.00136922 -0.00189157 0.0019467 0.00400758 0.00908476 0.0115735 0.016003 -0.00620415 -0.00922396 -0.0109349 -0.00997567 -0.0003025 -0.00523079 0.0113707 0.00586475 0.00748163 -0.00715231 -0.0101157 -0.0212059
internal_weight=35861 32884.8 28496.2 22455.3 2313.73 20141.6 6040.91 16759.1 2912.86 4388.61 1098.91 15856.2 2385.28 13470.9 679.545 3289.7 1937.67 908.881 1169.97 841.117 2976.14 2690.71 242.454 656.684 554.991 3382.46 2439.46 3128.06 1634.18 160.735
internal_count=144612 132273 114559 90124 9406 80718 24435 67142 11679 17714 4434 63526 9581 53945 2727 13280 7842 3721 4715 3399 12339 11129 995 2667 2254 13576 9802 12756 6679 659
is_linear=0
shrinkage=0.05


Tree=19
num_leaves=31
num_cat=0
split_feature=17 18 11 13 2 14 3 3 1 19 1 1 8 19 6 2 8 2 10 5 4 5 3 2 3 5 8 1 5 5
split_gain=144.034 67.1988 35.9798 58.705 30.9648 24.2363 17.9795 16.3883 14.7299 12.8053 12.9704 12.6869 11.5354 10.5059 10.2859 9.13656 9.07068 8.83657 8.40888 9.12131 8.36036 8.3559 8.27324 7.94187 9.28271 8.36365 7.62181 7.54404 8.46138 8.69478
threshold=1.0000000180025095e-35 1.0000000180025095e-35 1.0000000180025095e-35 1.0000000180025095e-35 2.1645499467849736 1.0000000180025095e-35 36.169649124145515 19.504949569702152 16.734350204467777 -1.5102500319480894 28.132199287414554 7.3286499977111825 7.9043500423431405 -7.8630499839782706 7.8989500999450692 1.4284500479698183 17.230350494384769 0.87974998354911815 7.5202000141143808 -1.0881499648094175 10.500000000000002 1.9143499732017519 15.157749652862551 2.0146499872207646 21.923250198364261 2.8367500305175786 23.218750000000004 7.369150161743165 -2.3804000616073604 3.4330499172210698
decision_type=2 2 2 2 2 2 2 2 2 2 2 2 2 2 2 2 2 2 2 2 2 2 2 2 2 2 2 2 2 2
left_child=1 2 6 4 5 15 13 -5 11 10 -6 -3 -13 -1 -7 -4 -8 -18 19 -9 -10 -15 -16 25 -25 -2 -19 -11 -29 -30
right_child=23 8 3 7 9 14 16 18 20 27 -12 12 -14 21 22 -17 17 26 -20 -21 -22 -23 -24 24 -26 -27 -28 28 29 -31
leaf_value=-0.010541317201435061 -0.009789563179769048 0.030757536620246852 -0.016627983886538491 0.0021764197857784568 -0.002993256897227195 -0.018403195363497517 0.0056177957907999378 -0.04644640821291509 -0.015794383575148431 0.0074610898549808168 -0.032454293132159827 0.0075498049549409009 0.016914936290196747 0.0069365906713850988 0.026576075652614918 -0.0071078435922593474 -0.027865009463820339 -5.4149274850127466e-05 -0.001986510768379148 -0.00091427101329338031 0.0080172841605423168 0.032453281205158321 -0.0013058693997898821 -0.011624051017296378 -0.024769148501289338 0.0045553586943867545 0.010909379363487501 -0.0077822456266359377 0.0045880490699339903 -0.012669436004055026
leaf_weight=84.768390491604805 2200.413353100419 69.928239405155182 268.47267125546932 11707.336350187659 644.34439949691296 86.964720368385315 1022.5394205302 21.366509512066841 89.983760848641396 683.51484693586826 38.683614179491997 1826.4558943063021 401.40126749873161 2532.4502782821655 25.893776565790176 4052.5273595899343 26.714371412992477 3235.9116394519806 2302.8092346638441 21.722838267683983 61.158718213438988 31.578297510743141 2491.6024233102798 484.49334569275379 187.26626919209957 105.9727366566658 165.69049571454525 227.90348650515079 797.01038125157356 79.370945319533348
leaf_count=340 9133 290 1113 46840 2587 353 4094 86 362 2741 157 7403 1655 10178 104 16563 107 12953 9246 87 246 127 10036 2009 790 441 665 915 3208 318
internal_value=-9.01361e-07 0.000949654 0.00031068 -0.000633518 -0.00369281 -0.00540705 0.00342893 0.00141211 0.00891717 0.00111226 -0.0047068 0.0099118 0.00924399 0.00668982 -0.00159631 -0.00770306 0.00148724 0.000253973 -0.00240154 -0.0240334 -0.0061698 0.00726338 -0.00100865 -0.0105299 -0.0153199 -0.00912876 0.000482928 0.00333682 0.000779594 0.00301244
internal_weight=35976.3 32998.1 30549.2 23449.5 9396.29 6925.46 7099.65 14053.2 2448.93 2470.83 683.028 2297.79 2227.86 2648.8 2604.46 4321 4450.86 3428.32 2345.9 43.0893 151.142 2564.03 2517.5 2978.15 671.76 2306.39 3401.6 1787.8 1104.28 876.381
internal_count=145147 132774 122818 94354 38095 28169 28464 56259 9956 9926 2744 9348 9058 10645 10493 17676 17819 13725 9419 173 608 10305 10140 12373 2799 9574 13618 7182 4441 3526
is_linear=0
shrinkage=0.05


Tree=20
num_leaves=31
num_cat=0
split_feature=17 2 12 3 10 20 2 20 20 20 6 6 1 2 5 15 2 1 19 20 19 19 19 10 1 20 7 19 4 20
split_gain=116.171 91.9938 35.0685 23.2868 20.2649 25.3688 21.7579 19.3752 14.9549 13.2044 11.5755 11.3907 11.2534 9.85546 22.2979 9.56794 12.7529 9.40283 13.5367 11.7948 9.28359 8.94863 12.9037 8.53528 8.49974 13.2116 11.2396 8.3891 8.35741 9.37451
threshold=1.0000000180025095e-35 3.9701999425888066 1.0000000180025095e-35 63.715799331665046 11.204400062561037 11.785449981689455 2.5266499519348149 4.547649860382081 10.036349773406984 17.423950195312504 7.9010500907897958 10.372000217437746 27.817500114440922 1.9885500073432925 -0.038949999958276742 1.0000000180025095e-35 7.3524498939514169 13.251649856567385 -0.027849999256432053 2.5243500471115117 7.6345500946044931 1.5914500355720522 -0.40704999864101404 8.4496998786926287 27.266949653625492 17.205349922180179 -6.5451500415801993 -1.2488500475883482 4.5000000000000009 4.3297500610351571
decision_type=2 2 2 2 2 2 2 2 2 2 2 2 2 2 2 2 2 2 2 2 2 2 2 2 2 2 2 2 2 2
left_child=1 2 7 4 5 23 20 -1 17 10 -6 -2 -11 -9 24 21 -17 18 -3 -19 -7 22 -10 -4 26 -26 -15 -8 -25 -30
right_child=11 8 3 -5 9 6 27 13 15 12 -12 -13 -14 14 -16 16 -18 19 -20 -21 -22 -23 -24 28 25 -27 -28 -29 29 -31
leaf_value=-0.00015966707468765295 -0.0080163973807768959 0.0043460313906887931 0.00086223281524642256 -0.011166012937731935 0.0040587575587484378 -0.0080584323695740562 -0.0064374429413069272 -0.0088464634327919713 0.013849537392129012 0.0066150346167942742 -0.0011454275298336718 -0.015894675049022877 -0.0042943728201109482 -0.020371010508484153 0.0056100278495410903 0.017132141430248125 -0.02069320160868969 -0.017838237202360226 0.022164275792654748 0.0057450045754692102 -0.02634836746428891 0.0079836634638934811 0.028687823369349937 0.0061894521902484401 -0.028230569503165007 -0.0050405044768190473 0.0020963472702742888 0.007087695161407912 -0.012772130836527534 0.0051735275794273436
leaf_weight=1972.5148494541645 2430.198401466012 212.95320904254913 15532.684580087662 403.96111705899239 2056.8003188967705 1208.3280037641525 165.37536686658859 1792.6260327249765 390.11157540977001 2751.8991264849901 2221.8367112576962 566.74340073764324 257.91481633484364 73.87481002509594 448.02840715646744 45.614991411566734 41.693701952695847 54.577582150697708 213.63776180148125 1168.9847978204489 72.881756201386452 233.05848908424377 237.72412568330765 118.07499046623707 118.76832960546017 127.15579684078693 216.37844529747963 368.23975087702274 328.70089535415173 92.782343626022339
leaf_count=7916 10085 871 62266 1648 8249 4935 662 7342 1601 11050 8899 2392 1035 301 1824 183 167 219 876 4720 298 953 979 473 487 519 881 1474 1327 375
internal_value=-8.8112e-05 0.0007698 -3.89599e-06 0.000728751 0.000920048 1.44755e-05 -0.0055875 -0.00394918 0.00979715 0.00314217 0.00135666 -0.00951104 0.00567908 -0.00664002 -0.00261632 0.0148008 -0.000960888 0.00691474 0.0133004 0.00467935 -0.0091186 0.0163986 0.0195046 0.000647341 -0.00948788 -0.0163091 -0.00367232 0.00289185 -0.00552908 -0.00881881
internal_weight=35924.1 32927.2 30328.8 25579.5 25175.5 17887.1 1814.82 4749.35 2598.36 7288.45 4278.64 2996.94 3009.81 2776.83 984.206 948.203 87.3087 1650.15 426.591 1223.56 1281.21 860.894 627.836 16072.2 536.177 245.924 290.253 533.615 539.558 421.483
internal_count=145007 132530 121961 102691 101043 71810 7369 19270 10569 29233 17148 12477 12085 11354 4012 3883 350 6686 1747 4939 5233 3533 2580 64441 2188 1006 1182 2136 2175 1702
is_linear=0
shrinkage=0.05


Tree=21
num_leaves=31
num_cat=0
split_feature=17 2 12 16 2 20 1 4 20 3 3 19 10 3 5 0 19 19 3 19 15 20 18 1 20 1 4 2 3 20
split_gain=113.431 68.5418 31.4514 37.1318 23.6471 18.5809 20.3036 15.3541 12.2281 11.2886 10.956 12.4662 10.8204 12.3428 11.336 10.2737 11.2162 10.2533 9.7729 11.4727 9.49057 9.45152 8.75047 9.65637 9.08717 9.87013 11.2436 8.85929 8.58675 8.58427
threshold=1.0000000180025095e-35 2.7382500171661381 1.0000000180025095e-35 1.0000000180025095e-35 2.3076499700546269 11.275099754333498 8.1963000297546404 4.5000000000000009 3.0047500133514409 25.693949699401859 35.480350494384773 -7.8630499839782706 22.800649642944339 36.169649124145515 -1.4764500260353086 -4.4293498992919913 7.725450038909913 -6.043250083923339 63.015348434448249 -7.7725501060485831 1.0000000180025095e-35 17.205349922180179 1.0000000180025095e-35 7.3146500587463388 4.0814499855041513 16.734350204467777 7.5000000000000009 7.3577499389648446 28.721050262451175 18.054750442504886
decision_type=2 2 2 2 2 2 2 2 2 2 2 2 2 2 2 2 2 2 2 2 2 2 2 2 2 2 2 2 2 2
left_child=1 2 20 5 15 6 18 10 9 -3 -8 -12 -7 -14 -15 16 17 -5 -4 -20 -1 -22 27 -24 -25 26 -26 28 -10 -2
right_child=29 8 3 4 -6 12 7 -9 22 -11 11 -13 13 14 -16 -17 -18 -19 19 -21 21 -23 23 24 25 -27 -28 -29 -30 -31
leaf_value=-0.0010995831064494132 -0.012480431541768549 0.016039612862231857 0.0016991307976341502 -0.027241237754437021 0.0031235810676463385 -0.0081583436746619793 0.0026367753349477966 -0.011974301801445843 0.015734877523820866 -0.0030742957954643267 -0.041561600543915556 -0.0045590629069040762 0.0080648288829271112 0.013823287191697016 0.00089739375462602466 -0.0054600958515498748 -0.045356731734823075 -0.0083608257736806618 -0.035476913988545716 -0.0032543604999666371 -0.0085840892069719964 -0.0026517007646530786 0.037685639607580153 0.0050208085775145916 0.018933861438842164 -0.0051387343621363086 0.0092049286179351503 -0.015421777402548756 0.0045393912472742682 -0.0070016148880066298
leaf_weight=2075.757795125246 1208.1803543567657 90.879885628819466 14653.82927800715 88.235970199108124 701.96697846055031 156.81959828734398 790.10456225275993 452.47347667813301 192.32351797819138 484.0324786901474 22.464381262660027 786.27481478452682 1866.9689521640539 188.62159648537636 1609.8615626394749 1468.8831652253866 25.766136914491653 380.21923354268074 28.059185653924942 567.62142194807529 1334.9956140518188 1352.2856032252312 30.135795906186104 715.10582703351974 497.52764223515987 78.251158267259598 744.72747102379799 49.673019647598267 1521.3120864033699 1765.2169804275036
leaf_count=8334 5042 367 58652 362 2812 634 3164 1836 772 1942 90 3149 7522 755 6442 6017 106 1560 115 2309 5480 5523 127 2888 2060 316 3051 199 6095 7361
internal_value=0.00012004 0.000964021 6.83681e-05 0.000810976 -0.00474937 0.00151271 0.000815551 -0.00385346 0.00676926 -3.02399e-05 -0.00154921 -0.00563694 0.00466723 0.00521802 0.00225997 -0.00756474 -0.0137963 -0.0119675 0.00144382 -0.0048291 -0.00363985 -0.00560091 0.00778991 0.00999879 0.0095706 0.0120288 0.0131135 0.00519797 0.00580432 -0.00923127
internal_weight=35928.6 32955.2 28551.2 23788.2 2665.07 21123.1 17300.8 2051.32 4403.97 574.912 1598.84 808.739 3822.27 3665.45 1798.48 1963.1 494.221 468.455 15249.5 595.681 4763.04 2687.28 3829.06 2065.75 2035.61 1320.51 1242.26 1763.31 1713.64 2973.4
internal_count=145082 132679 114862 95525 10857 84668 69315 8239 17817 2309 6403 3239 15353 14719 7197 8045 2028 1922 61076 2424 19337 11003 15508 8442 8315 5427 5111 7066 6867 12403
is_linear=0
shrinkage=0.05


Tree=22
num_leaves=31
num_cat=0
split_feature=2 17 11 13 19 20 3 20 11 2 20 2 1 9 2 20 2 20 7 8 1 5 10 3 5 2 7 7 10 20
split_gain=90.6172 69.5276 29.1919 59.4875 16.2402 15.5532 12.568 15.2955 14.4414 12.0221 13.3668 12.1798 11.9125 11.5268 11.0597 10.6567 10.1136 11.8104 10.077 10.9823 9.62406 9.46681 9.21191 9.01055 8.5795 12.3771 8.42071 8.78462 8.63178 8.30318
threshold=2.7382500171661381 1.0000000180025095e-35 1.0000000180025095e-35 1.0000000180025095e-35 -5.54894995689392 17.174150466918949 30.419849395751957 10.138749599456789 1.5000000000000002 2.0372500419616704 3.3651499748229985 2.1526499986648564 17.247249603271488 6.1709499359130868 7.3125500679016122 18.431050300598148 1.9885500073432925 4.5936498641967782 -3.1134500503540035 8.95105028152466 4.4153499603271493 1.8787500262260439 22.801250457763675 29.083749771118168 -0.22074999660253522 1.5138500332832339 -5.1361999511718741 -4.5679500102996817 7.8848500251770028 19.259149551391605
decision_type=2 2 2 2 2 2 2 2 2 2 2 2 2 2 2 2 2 2 2 2 2 2 2 2 2 2 2 2 2 2
left_child=1 2 4 13 -1 22 7 -2 14 10 23 -11 -9 16 -8 -3 17 -4 19 -10 -15 -12 -6 -5 25 -19 -17 -28 -29 -7
right_child=6 15 3 9 5 29 8 12 18 11 21 -13 -14 20 -16 26 -18 24 -20 -21 -22 -23 -24 -25 -26 -27 27 28 -30 -31
leaf_value=-0.0020597217649092046 0.0059632678282688948 -0.010828305412001424 -0.0035847991524756533 0.0040916663862005905 0.0031742339197025587 0.0073026254950645719 0.0063169625533933378 0.01485184296463357 -0.0047839832254340259 -0.0042306953673494517 -0.00075000220486285654 0.0030286502204251594 -0.021427722832243597 -0.024593713886783646 0.025691964818700144 0.0016162272355788269 -0.0026456730464576037 -0.018678896902610775 0.0088747762379926525 0.025954061093157999 3.6059980859269818e-05 0.0044046163345229745 -0.0035640543320187876 -0.0070095326835361606 -0.011778032268477359 -0.0041864282997502106 -0.015265299233617911 0.018082905516106251 -0.0057479618383026419 -0.0070594982079841429
leaf_weight=1375.3650712519884 1582.4640197902918 1706.8075361549854 1783.9658786207438 4646.8478177040815 1718.6476296335459 2525.2953913211823 848.01044508814812 932.50160524249077 706.20822447538376 1896.8896856307983 5114.0690723359585 829.88497796654701 22.344467550516129 39.696474090218544 79.856346562504768 367.11065655946732 2327.9870007485151 168.01686206459999 209.72734807431698 29.318414464592934 1560.6275216937065 1077.5608569979668 718.46432660520077 189.3900598436594 1284.9579385817051 1157.4753870218992 251.86592046916485 39.655395701527596 587.73140326142311 104.0479287058115
leaf_count=5514 6412 7137 7200 18589 6883 10148 3405 3815 2840 7625 20459 3321 90 162 334 1532 9426 698 842 121 6342 4311 2878 758 5284 4747 1054 165 2453 418
internal_value=-1.93124e-05 -0.000959984 -0.000203621 -0.00106773 0.00275755 0.00406542 0.00669191 0.00898496 0.00358264 0.000951195 0.00168623 -0.00202104 0.0139813 -0.00440404 0.00801033 -0.00826175 -0.00531181 -0.0067233 -0.000767477 -0.00352518 -0.000589865 0.000147649 0.00118713 0.00365558 -0.00886595 -0.00603616 -0.00474117 -0.00739437 -0.0042153 0.00673182
internal_weight=35882.8 31472.4 28519.2 22077.4 6441.82 5066.46 4410.43 2537.31 1873.12 13754.6 11027.9 2726.77 954.846 8322.73 927.867 2953.17 6722.4 4394.42 945.254 735.527 1600.32 6191.63 2437.11 4836.24 2610.45 1325.49 1246.36 879.253 627.387 2629.34
internal_count=144963 127104 114763 88922 25841 20327 17859 10317 7542 55063 44117 10946 3905 33859 3739 12341 27355 17929 3803 2961 6504 24770 9761 19347 10729 5445 5204 3672 2618 10566
is_linear=0
shrinkage=0.05


Tree=23
num_leaves=31
num_cat=0
split_feature=17 2 11 13 2 4 20 3 19 1 3 20 6 9 7 1 8 1 10 10 2 20 1 6 2 0 0 19 2 2
split_gain=88.728 50.0551 24.1066 36.4638 22.4808 15.5426 12.9416 12.4217 10.1455 11.044 12.0364 11.0729 9.884 9.67371 10.9774 9.59288 12.051 9.56596 9.54904 8.93916 8.80109 8.77562 9.56437 8.485 8.73825 8.36205 9.02111 8.09155 7.77612 7.54038
threshold=1.0000000180025095e-35 3.9701999425888066 1.0000000180025095e-35 1.0000000180025095e-35 2.1645499467849736 4.5000000000000009 3.3327499628067021 35.480350494384773 -1.5102500319480894 14.856900215148928 36.169649124145515 9.9859499931335467 7.9006500244140634 6.1282501220703134 -3.1360499858856197 8.1963000297546404 7.9003500938415536 15.033449649810793 7.5202000141143808 8.0260500907897967 2.3705500364303593 10.967050075531008 22.057749748229984 10.134799957275392 1.5563499927520754 8.4325499534606951 9.4298000335693377 6.4327499866485605 0.99884998798370372 2.1012500524520878
decision_type=2 2 2 2 2 2 2 2 2 2 2 2 2 2 2 2 2 2 2 2 2 2 2 2 2 2 2 2 2 2
left_child=1 2 7 4 5 13 17 21 9 10 11 -6 -9 14 -4 18 -17 -3 -5 -8 -13 22 -1 24 -2 -15 -27 -21 -14 -18
right_child=23 6 3 15 8 -7 19 12 -10 -11 -12 20 28 25 -16 16 29 -19 -20 27 -22 -23 -24 -25 -26 26 -28 -29 -30 -31
leaf_value=0.017294826969667065 -0.014816455785722283 0.0055408566809065874 -0.0034701515577879351 -0.021928193745307741 0.028456402273125504 -0.0073034512107590811 0.0081415981180518824 0.0059141715802458186 0.0031352765979320314 -0.016967415996294501 -0.011077805037422405 -0.014306264680600251 -0.018050522244695277 0.0078623609208299406 -0.031653872347964761 -0.018215281267503505 0.0078895677152503087 -0.0076414942597201208 0.0012075300304487731 0.023844679650040331 0.0062808428646003809 0.0073504758181669504 -0.0024081931469005606 -0.013864181372292443 -0.0058881338207051829 -0.010981731727916819 0.0033957466751662565 -0.0030217390768610851 0.00036377192000866396 -0.0092474803456314321
leaf_weight=69.641533613204956 315.08123774826527 389.07701471447945 3075.6300757974386 43.749033153057098 42.348969310522079 2966.4068515747786 1788.6046593487263 894.39310222864151 1691.8073959499598 133.82723824679852 182.92342655360699 67.504868775606155 57.198952928185463 370.67813675105572 33.960542783141136 144.2685322612524 135.32893490791321 211.65177902579308 13599.43151190877 165.00350672006607 213.42705899477005 1766.6975553929806 479.84940348565578 567.1049557030201 2095.5985285192728 178.32734379172325 277.7634382545948 33.465573728084564 3845.3374238759279 120.30409502983093
leaf_count=279 1313 1570 12506 176 170 12161 7313 3585 6799 543 733 273 229 1504 138 586 543 848 54427 696 855 7125 1920 2412 8740 723 1125 140 15401 488
internal_value=-9.6399e-05 0.000650047 8.15196e-05 -0.000696939 -0.00313712 -0.0045708 0.00732415 0.00262877 0.00110705 -0.00425072 -0.000861937 0.00493489 0.00117638 -0.00251017 -0.00378803 0.000907811 -0.00671558 0.000891404 0.00113174 0.00926746 0.00130079 0.00563492 0.000115815 -0.00836065 -0.00706075 0.00229479 -0.00223744 0.0193221 8.93211e-05 -0.000179949
internal_weight=35956.4 32978.6 30390.8 23277.7 9234.61 6902.77 2587.8 7113.12 2331.84 640.032 506.204 323.281 4796.93 3936.36 3109.59 14043.1 399.902 600.729 13643.2 1987.07 280.932 2316.19 549.491 2977.78 2410.68 826.769 456.091 198.469 3902.54 255.633
internal_count=145321 132856 122289 93750 37530 28157 10567 28539 9373 2574 2031 1298 19215 15996 12644 56220 1617 2418 54603 8149 1128 9324 2199 12465 10053 3352 1848 836 15630 1031
is_linear=0
shrinkage=0.05


Tree=24
num_leaves=31
num_cat=0
split_feature=17 2 16 12 2 19 20 2 20 0 2 20 20 19 7 19 19 20 5 2 6 2 9 0 5 5 8 19 6 1
split_gain=85.0586 54.1277 29.0738 34.0867 22.0259 14.9022 15.5611 12.2146 10.4841 11.6175 9.85365 9.78448 9.46383 9.37409 12.1771 9.14301 11.1786 10.0302 9.02711 9.48125 8.77055 8.30128 9.11072 8.12784 7.88993 9.36951 7.71737 8.02075 7.63915 7.68985
threshold=1.0000000180025095e-35 2.7382500171661381 1.0000000180025095e-35 1.0000000180025095e-35 2.3391499519348149 -1.481949985027313 11.121550083160402 1.3873500227928164 4.547649860382081 -11.481649875640867 1.4611499905586245 3.0047500133514409 18.937350273132328 1.3356500267982485 -4.7043499946594229 0.93555000424385082 1.0516499876976015 3.877349972724915 0.25184999406337744 1.3164499998092654 10.624800205230715 1.799549996852875 4.1345500946044931 -3.0913499593734737 -3.2038999795913692 -0.44715000689029688 10.618750095367433 -5.6847500801086417 16.302149772644047 26.562950134277347
decision_type=2 2 2 2 2 2 2 2 2 2 2 2 2 2 2 2 2 2 2 2 2 2 2 2 2 2 2 2 2 2
left_child=1 2 3 7 10 21 13 -1 24 -10 -4 -3 -12 15 -15 18 -17 -18 19 -7 -2 22 23 -5 -9 -26 -25 -28 -22 -30
right_child=20 11 4 5 -6 6 -8 8 9 -11 12 -13 -14 14 -16 16 17 -19 -20 -21 28 -23 -24 26 25 -27 27 -29 29 -31
leaf_value=-0.01391058087348155 -0.0067207039200392407 -9.8894926823358165e-05 -0.021377039024476088 -0.00087941020403270757 0.0033540540996992983 0.012508888940052119 0.0055736058624534738 0.02543605598587545 -0.038765335608649518 -0.004419292884621207 -0.0053050543318853872 0.0068784562691848079 -0.016652010609150999 0.0021037613340959562 -0.0025158580644542611 0.016745992905517593 0.0092484864659788217 -0.003945039673113911 0.0048148807549777753 -0.00017566270261525787 -0.029012468230776797 -0.0028275634844699459 0.0023568945362329643 -0.02191495275239903 -0.0048845272243784911 0.002507760292354385 -0.0097041992198190277 0.021486566209154415 -0.0081887744416369191 -0.023954662212344074
leaf_weight=255.78373205661774 2414.4191168248653 577.99760927259922 116.49439634382725 940.31224101781845 629.15261285007 153.88540545105934 2891.94891525805 29.393577456474304 23.878918290138245 2563.2539819180965 1805.9258750081062 3841.9537924677134 203.964230671525 3198.9763358682394 2572.8965981006622 242.12560912966728 362.84188723564148 237.7280956953764 1882.8553855121136 3014.6528955101967 70.572069406509399 2526.3891041576862 2840.6842157244682 97.969827175140381 682.62069633603096 1148.2673794776201 95.123180314898491 25.252286538481712 382.24148102104664 96.720897644758224
leaf_count=1053 10083 2323 486 3771 2520 619 11631 118 98 10503 7405 15601 842 12810 10319 970 1454 953 7545 12073 297 10127 11381 395 2740 4608 385 102 1626 423
internal_value=8.84256e-05 0.000818056 2.06531e-05 0.000542369 -0.00486009 0.00140098 0.00229093 -0.00330612 -0.00269323 -0.00475116 -0.00729092 0.00596621 -0.00646426 0.00147676 4.44195e-05 0.00287915 0.00769777 0.00402812 0.00207392 0.000444136 -0.00802338 -0.000584404 0.000832955 -0.0029021 0.000169784 -0.000249511 -0.0115692 -0.0030379 -0.0137242 -0.0114158
internal_weight=35926.3 32962.3 28542.4 25786.8 2755.54 21083.6 14557.9 4703.2 4447.41 2587.13 2126.38 4419.95 2009.89 11666 5771.87 5894.09 842.696 600.57 5051.39 3168.54 2963.95 6525.73 3999.34 1158.66 1860.28 1830.89 218.345 120.375 549.534 478.962
internal_count=145261 132832 114908 103655 11253 84535 58374 19120 18067 10601 8733 17924 8247 46743 23129 23614 3377 2407 20237 12692 12429 26161 16034 4653 7466 7348 882 487 2346 2049
is_linear=0
shrinkage=0.05


Tree=25
num_leaves=31
num_cat=0
split_feature=17 2 11 13 2 3 20 3 5 2 20 2 20 4 3 5 0 20 6 9 3 3 9 10 20 1 7 3 20 4
split_gain=72.2513 39.4481 36.8108 31.8136 13.0751 12.5228 12.3391 11.192 9.38704 9.33226 12.4165 12.333 11.7273 11.2151 14.1411 10.7841 14.0401 9.73518 10.6568 12.1371 9.65689 9.42198 8.96025 8.7233 8.52559 8.4231 7.92861 9.19013 8.33404 7.91942
threshold=1.0000000180025095e-35 3.9701999425888066 1.0000000180025095e-35 1.0000000180025095e-35 2.5266499519348149 35.480350494384773 4.0814499855041513 31.341349601745609 1.7584999799728396 2.0732499361038212 3.3651499748229985 2.1765500307083134 2.8655500411987309 4.5000000000000009 16.049949645996097 -2.0045999288558956 -0.20034999400377271 3.6277500391006474 7.8998498916625985 2.4359500408172612 17.682250022888187 31.341349601745609 6.3732500076293954 7.9355499744415292 3.0991500616073613 17.247249603271488 -4.5555500984191886 16.356900215148929 4.002850055694581 4.5000000000000009
decision_type=2 2 2 2 2 2 2 2 2 2 2 2 2 2 2 2 2 2 2 2 2 2 2 2 2 2 2 2 2 2
left_child=1 2 5 4 29 8 -3 -6 -1 10 21 13 -13 24 23 16 -14 20 19 -19 -12 -5 -20 -15 -11 -8 -21 -28 -29 -4
right_child=-2 6 3 9 7 -7 25 -9 -10 11 17 12 15 14 -16 -17 -18 18 22 26 -22 -23 -24 -25 -26 -27 27 28 -30 -31
leaf_value=0.0059221691904754277 -0.0074088035965164502 0.0026973752878900466 -0.0023188275203135204 0.0035868748430376574 0.0095042827975807334 0.0019267979990490421 0.010353030055090865 -0.0011467141874410257 0.027786379419027469 -0.0084573899102930103 -0.00581581198982015 -0.0082896352959537217 0.026563842634695235 -0.0031006320080437353 -0.012509227423998926 0.0083861442660863178 -0.015246242999391793 -0.037709273578770686 0.0027864675001383708 0.0034894654256833789 0.0047912656006491999 -0.0091916901458590806 -0.002445183068156412 0.022535589552393785 0.011058713643125004 -0.011499641549869294 -0.0040353169383558493 -0.0034476730633434525 -0.040280597459990207 -0.0054796706246558503
leaf_weight=2278.8076336234808 2956.9782000035048 1109.9924256503582 4442.543250054121 4951.0492331981659 340.23162950575352 4793.7626471072435 1427.0213446766138 889.13458904623985 49.260601654648781 82.653489604592323 1123.1512421369553 196.99079750478268 23.734954729676247 571.33652758598328 586.26973289251328 580.4337433129549 106.58166640996933 28.246675297617912 3652.2018396556377 179.22144116461277 264.39479957520962 147.64590375125408 1053.8819175064564 34.229545205831528 168.55066953599453 44.710318982601166 157.48924987018108 24.978804066777229 39.724940553307533 3580.2815990298986
leaf_count=9181 12422 4486 18060 19806 1364 19205 5897 3559 199 331 4493 789 95 2286 2382 2323 427 113 14611 717 1058 591 4216 137 675 180 630 100 159 14658
internal_value=7.66241e-05 0.00074902 0.000244149 -0.000720191 -0.00299417 0.00338861 0.00668111 0.00180632 0.00639654 0.000785651 0.00136681 -0.00208689 0.00247766 -0.00495793 -0.00698082 0.00546937 -0.00748695 -7.81183e-05 0.000925997 -0.00660273 -0.00379265 0.00321511 0.00161462 -0.00161678 0.00462927 0.0096818 -0.00432556 -0.0106166 -0.0263302 -0.0037299
internal_weight=35885.5 32928.5 30346.8 23225 9252.19 7121.83 2581.72 1229.37 2328.07 13972.8 11622 2350.78 907.741 1443.04 1191.84 710.75 130.317 6523.29 5135.74 429.661 1387.55 5098.7 4706.08 605.566 251.204 1471.73 401.414 222.193 64.7037 8022.82
internal_count=145150 132728 122165 93580 37641 28585 10563 4923 9380 55939 46494 9445 3634 5811 4805 2845 522 26097 20546 1719 5551 20397 18827 2423 1006 6077 1606 889 259 32718
is_linear=0
shrinkage=0.05


Tree=26
num_leaves=31
num_cat=0
split_feature=17 18 12 3 4 20 2 20 20 3 2 3 0 3 9 9 2 19 5 2 7 11 6 2 3 3 5 10 19 0
split_gain=59.4994 37.6523 22.1652 16.306 13.1936 19.1517 15.9594 12.2782 11.2364 9.54703 14.0506 17.201 10.9989 9.37968 10.7427 11.4322 9.33842 8.83703 8.10999 8.21419 8.05341 7.96869 7.92611 7.89933 13.989 8.17425 9.87983 8.1552 7.82791 10.1221
threshold=1.0000000180025095e-35 1.0000000180025095e-35 1.0000000180025095e-35 63.527648925781257 4.5000000000000009 11.785449981689455 2.1707500219345097 4.547649860382081 4.4233498573303232 19.504949569702152 2.1585500240325932 29.083749771118168 -6.1765501499176017 35.480350494384773 2.3605500459671025 6.4320499897003183 2.1012500524520878 -5.4116499423980704 0.24174999445676806 7.3309500217437753 -2.8006500005722041 1.5000000000000002 7.8988499641418466 1.6728499531745913 14.417649745941164 14.417649745941164 1.9143499732017519 7.9087500572204599 -5.2370500564575186 8.0544500350952166
decision_type=2 2 2 2 2 2 2 2 2 2 2 2 2 2 2 2 2 2 2 2 2 2 2 2 2 2 2 2 2 2
left_child=1 2 7 4 13 9 -7 -1 18 23 16 12 -12 14 -4 20 -11 -10 19 -3 28 -8 -5 24 -6 -25 -27 -26 29 -16
right_child=-2 8 3 22 5 6 21 -9 17 10 11 -13 -14 -15 15 -17 -18 -19 -20 -21 -22 -23 -24 25 27 26 -28 -29 -30 -31
leaf_value=0.00015847187776549712 -0.0066570982263805499 0.0078555234366059178 -0.017731271496788211 -0.031298884165945985 0.001075994143693873 -0.0091573223313613627 0.015912232605212785 -0.005006749084844009 0.0027739189894002945 -0.0025419945190703476 -0.016046745315485288 -0.00044485526467969789 0.018454827228534993 0.0011699490382614511 0.0021855223544080494 -0.0022609255147993689 -0.011189405985358296 0.013045291026942619 0.0080385138841756378 -0.0034197073279207397 0.022120557394782088 -0.0012070377243393405 -0.0061730269101336142 0.0013693906830880614 0.0067998421849350087 -0.0016430033635378581 -0.01899323761853711 0.030648079791924202 0.0069985482746114285 -0.02950688483321065
leaf_weight=1961.2824376225471 2956.2693872898817 235.62371358275414 52.339141711592674 32.562397629022598 2403.7772126793861 937.26683838665485 73.386556819081306 2782.0182828009129 281.13272185623646 1480.1980113089085 25.178477853536606 920.58246079087257 209.31736417114735 4641.1392904371023 699.72651253640652 484.59099912643433 394.99744628369808 827.13428004086018 581.24447709321976 507.99261954426765 74.608317479491234 787.83167950809002 507.00779362022877 6652.6503380537033 1292.609102293849 1583.390543743968 85.555030420422554 35.973144680261612 2329.1043988466263 25.135062277317047
leaf_count=7876 12439 956 210 134 9632 3875 294 11426 1166 5962 101 3688 840 18595 2812 1948 1616 3438 2357 2059 300 3162 2078 26657 5179 6348 344 144 9378 101
internal_value=0.000136405 0.000746927 0.000268899 0.000847928 0.00103228 0.00022957 -0.00464605 -0.00287143 0.00673114 0.000811157 -0.00169726 0.00263937 0.0146979 0.00266352 0.00455379 0.00488142 -0.00436851 0.0104446 0.00361922 0.000158736 0.00598808 0.000268501 -0.00774444 0.00144184 0.00335275 0.000584472 -0.00254327 0.00746813 0.00558685 0.00104743
internal_weight=35861.6 32905.4 30472.2 25728.9 25189.4 16882.7 1798.49 4743.3 2433.13 15084.2 3030.27 1155.08 234.496 8306.64 3665.5 3613.17 1875.2 1108.27 1324.86 743.616 3128.57 861.218 539.57 12054 3732.36 8321.6 1668.95 1328.58 3053.97 724.862
internal_count=145115 132676 122700 103398 101186 67842 7331 19302 9976 60511 12207 4629 941 33344 14749 14539 7578 4604 5372 3015 12591 3456 2212 48304 14955 33349 6692 5323 12291 2913
is_linear=0
shrinkage=0.05


Tree=27
num_leaves=31
num_cat=0
split_feature=17 18 8 13 1 20 4 1 19 10 20 7 5 9 20 6 10 9 9 5 19 7 1 8 10 20 5 0 10 8
split_gain=57.4669 46.7798 21.7119 23.6535 11.0269 9.19333 8.88092 8.03491 8.02991 8.59736 12.1306 7.92751 7.66149 9.09232 8.77681 10.9532 7.4519 7.44204 7.31532 9.1555 8.39109 7.96823 7.24021 7.01424 6.86419 6.81232 6.97789 6.89117 6.76251 8.80285
threshold=1.0000000180025095e-35 1.0000000180025095e-35 12.627549648284914 1.0000000180025095e-35 16.734350204467777 2.4620499610900883 10.500000000000002 7.3286499977111825 5.1433501243591317 8.1831498146057147 3.5507500171661381 -6.7271499633789054 3.5875500440597539 5.5935499668121347 17.615050315856937 7.9003500938415536 7.8382999897003183 2.4000500440597539 5.9686498641967782 3.3105499744415288 0.99414998292922985 -3.0698499679565425 6.0035500526428232 7.3894000053405771 20.177049636840824 17.991950035095218 0.016050000675022606 11.582100391387941 7.9000501632690439 9.4591999053955096
decision_type=2 2 2 2 2 2 2 2 2 2 2 2 2 2 2 2 2 2 2 2 2 2 2 2 2 2 2 2 2 2
left_child=1 2 3 16 5 -3 -6 -7 11 -10 -11 17 14 24 15 -4 -1 22 19 23 21 -20 -5 -18 -14 26 -2 28 29 -27
right_child=25 4 12 8 6 7 -8 -9 9 10 -12 -13 13 -15 -16 -17 18 -19 20 -21 -22 -23 -24 -25 -26 27 -28 -29 -30 -31
leaf_value=0.0062312928362879653 -0.013775358771289643 -0.015139656245975764 0.0056671717556468345 0.006176314704566175 -0.01660044373968594 0.025247035223825143 0.0088214130387523973 0.0078998359153193264 -0.0007286872054806968 0.00014696916448859887 -0.021354857446072267 0.0016101625775732506 -0.010301219694672771 0.027974928146892897 0.0043440353105702574 -0.00056302504454095088 0.015499909512817933 -0.01615542220354808 0.011502367725919532 -0.011272247609820213 -0.0048105283248225383 0.00049921419555145675 -0.0085589197718048248 -0.0034132332917542127 0.017255732209908246 -0.0068768315958761695 -0.0058131378361813042 0.019770555259767123 -0.00098071614266166565 -0.038706593404902179
leaf_weight=224.07217627763748 567.4796214401722 41.239384770393372 886.34369131922722 161.2242264598608 84.164041504263878 68.118676647543907 56.758432999253273 2172.2763231396675 4017.5514271855354 138.16262094676495 123.86494112014771 9273.2812264859676 45.623990833759308 62.115914046764374 2706.2480008900166 3441.1275389194489 48.410192757844925 114.22435902059078 196.2744248509407 377.11173228919506 629.47726862132549 992.16849972307682 170.52603997290134 6770.5044266879559 42.899281933903694 1191.1706508994102 538.15201486647129 26.836739778518677 602.05254623293877 21.181980565190315
leaf_count=900 2395 166 3558 645 339 289 229 8921 16081 557 499 37128 183 249 10891 13799 194 457 797 1534 2562 4040 683 27584 172 5012 2272 113 2533 92
internal_value=-0.00011854 0.000481674 -5.09288e-05 -0.000793678 0.00716708 0.0080057 -0.00637144 0.0084383 0.000502233 -0.00130223 -0.0100599 0.00129683 0.00235117 0.0134721 0.00211112 0.000714045 -0.00275728 -0.00520752 -0.00298139 -0.00369723 -0.000147341 0.00232456 -0.00140084 -0.00327671 0.00309674 -0.00680599 -0.0099086 -0.00493856 -0.00531472 -0.0074644
internal_weight=35790.6 32843.8 30421.2 23236.9 2422.56 2281.63 140.922 2240.39 13998.8 4279.58 262.028 9719.26 7184.36 150.639 7033.72 4327.47 9238.02 445.975 9013.95 7196.03 1817.92 1188.44 331.75 6818.91 88.5233 2946.87 1105.63 1841.24 1814.41 1212.35
internal_count=144874 132457 122513 93661 9944 9376 568 9210 56050 17137 1056 38913 28852 604 28248 17357 37611 1785 36711 29312 7399 4837 1328 27778 355 12417 4667 7750 7637 5104
is_linear=0
shrinkage=0.05


Tree=28
num_leaves=31
num_cat=0
split_feature=17 18 12 11 20 2 1 19 20 1 19 5 20 10 6 10 20 19 9 1 20 1 1 9 20 5 2 19 6 20
split_gain=50.9568 29.0843 20.023 12.1051 20.2369 14.9597 11.6263 11.4686 10.8236 10.5941 10.3165 10.0917 9.4256 9.19164 9.16491 9.10277 8.12762 9.85075 10.6602 8.40567 8.97539 8.70259 8.11264 8.05157 10.546 7.9055 7.78518 7.70488 8.499 7.68284
threshold=1.0000000180025095e-35 1.0000000180025095e-35 1.0000000180025095e-35 1.0000000180025095e-35 11.785449981689455 2.9199999570846562 15.619800090789797 5.3638501167297372 4.547649860382081 8.1963000297546404 -1.2766000032424925 3.4330499172210698 10.089149951934816 7.9010500907897958 7.899749994277955 7.9476499557495126 11.836349964141847 -5.9995498657226554 6.4781498908996591 8.3306002616882342 2.6798499822616582 7.3040499687194833 7.4571499824523935 5.5935499668121347 4.5936498641967782 -3.0652500391006465 1.5171499848365786 -7.6834499835968009 7.8994500637054452 17.174150466918949
decision_type=2 2 2 2 2 2 2 2 2 2 2 2 2 2 2 2 2 2 2 2 2 2 2 2 2 2 2 2 2 2
left_child=1 2 8 16 9 -6 7 10 25 11 -3 -5 -12 27 22 -15 19 18 26 21 -21 -4 -13 -23 -25 -1 -18 -11 -29 -10
right_child=-2 6 3 4 5 -7 -8 -9 29 13 12 14 -14 15 -16 -17 17 -19 -20 20 -22 23 -24 24 -26 -27 -28 28 -30 -31
leaf_value=0.018357438156851764 -0.0061718964775114762 0.0051758379159231732 -0.020224038007973275 0.0012054402948744295 -0.0069445202577206504 0.0037025492178195578 -0.00046310471830263958 0.0010866243265452908 -0.0074128541608639263 0.018295717403151911 0.010076469720380345 -0.025782005903925292 0.021744659219800622 0.010884607276148858 -0.0019614866739166045 -0.0052106131089549425 -0.010097335229555682 0.0055753860729491614 -0.025759243930103582 0.025740431870420733 -0.0018476448317799492 0.0024646342110516287 0.0051698968502535986 0.0077431496488676371 0.035849340524246188 -0.00044797015524791918 0.0036978044207026414 -0.040858788980075916 -0.010667781119449937 -0.0021114133314082558
leaf_weight=56.537847504019737 2933.678416326642 606.72854135930538 37.173383116722107 15510.686658576131 1529.9727859348059 419.85028778016567 543.03896696865559 470.92191809415817 1358.1365403085947 19.916254416108131 543.26245403289795 89.300150245428085 255.8121825158596 128.82259391248226 285.18753303587437 270.67975223064423 134.15390372276306 2829.5471245199442 41.090709373354912 28.967607855796814 1826.5869213342667 1479.494950518012 27.265006646513939 230.44990606606007 38.241374284029007 1945.784227013588 419.37590402364731 24.556960746645927 290.88405530154705 1376.7881256192923
leaf_count=227 12382 2501 149 62216 6276 1683 2201 1937 5601 81 2226 362 1080 518 1154 1101 537 11392 165 116 7321 5928 111 923 154 7815 1686 100 1180 5646
internal_value=0.000140496 0.000704926 0.000284895 0.000836253 0.000166875 -0.00465119 0.00597947 0.00784292 -0.00270142 0.000731439 0.0101038 0.00100262 0.0138344 -0.00513393 -0.00681149 -6.36732e-06 0.00259796 0.00434634 -0.00150171 0.000952915 -0.00140333 0.00340121 -0.0185599 0.00391485 0.0118614 9.19204e-05 0.000342224 -0.0112241 -0.0131398 -0.0047458
internal_weight=35752.9 32819.2 30399.5 25662.2 18597.1 1949.82 2419.76 1876.73 4737.25 16647.3 1405.8 15912.4 799.075 734.86 401.753 399.502 7065.08 3424.17 594.621 3640.91 1855.55 1785.36 116.565 1748.19 268.691 2002.32 553.53 335.357 315.441 2734.92
internal_count=144769 132387 122442 103153 74782 7959 9945 7744 19289 66823 5807 63843 3306 2980 1627 1619 28371 13780 2388 14591 7437 7154 473 7005 1077 8042 2223 1361 1280 11247
is_linear=0
shrinkage=0.05


Tree=29
num_leaves=31
num_cat=0
split_feature=18 11 20 2 3 3 3 2 20 8 19 7 9 0 2 19 20 1 4 20 1 2 8 1 10 20 3 3 0 2
split_gain=27.0548 26.5636 48.4674 13.2939 10.0831 9.65599 9.43454 9.18879 8.80311 13.7904 8.56813 8.67847 18.4549 8.2667 8.05067 9.31542 7.82459 7.62196 7.93146 7.71856 9.16772 7.36865 7.22074 12.1475 9.77662 7.58118 6.7699 12.6244 6.76296 8.40568
threshold=1.0000000180025095e-35 1.0000000180025095e-35 11.377950191497805 2.3391499519348149 41.071649551391609 37.128950119018562 19.304300308227543 1.5563499927520754 17.205349922180179 22.800950050354007 1.2800999879837038 -6.5451500415801993 2.66445004940033 -8.203000068664549 1.7433499693870547 -0.1735500022768974 18.527800559997562 16.734350204467777 10.500000000000002 2.5243500471115117 13.567299842834474 7.3735499382019052 8.0798497200012225 5.0913500785827646 7.9071500301361093 4.1282501220703134 7.7678000926971444 16.356900215148929 2.9765499830245976 1.618650019168854
decision_type=2 2 2 2 2 2 2 2 2 2 2 2 2 2 2 2 2 2 2 2 2 2 2 2 2 2 2 2 2 2
left_child=1 5 6 7 21 8 22 16 9 14 11 -7 -13 -12 15 -1 -4 19 -19 20 -2 26 -3 -24 -25 -26 -5 -28 29 -9
right_child=17 2 3 4 -6 10 -8 28 -10 -11 13 12 -14 -15 -16 -17 -18 18 -20 -21 -22 -23 23 24 25 -27 27 -29 -30 -31
leaf_value=0.0040376147090942678 0.014133504722905036 0.0013036302241375601 -0.01454094829315856 0.02757430999602797 -0.0088489730406437952 -0.014105009170071351 -0.0012060870238061365 0.0018247946282408225 0.0062013652759860295 -0.0025130599706911973 -0.033621654461772933 0.039224937135211101 0.0022277637007638617 -0.0024618531096409881 0.0020185825331323808 0.025699315737615476 -0.0034613318473557678 -0.015334442474016649 0.0087303771187508799 0.0064470748962348369 -0.022155073284016225 -0.024801061916772196 0.016539832069738965 -0.018616475887434824 -0.0071588441679505139 0.018040763440460277 -0.010353930201276137 0.0059103517783022606 -0.0020270045149446149 -0.0067709456166816914
leaf_weight=92.734093993902206 25.69919627904892 12098.655696317554 479.03571476042271 27.89341576397419 226.30195271968842 77.872768118977547 6923.263335108757 311.49790999293327 2227.9104351103306 888.67112196981907 20.72625108063221 33.193361297249794 2394.6542693674564 1072.3813332617283 232.02055367827415 106.87631332874298 239.68638703227043 86.973841339349747 55.222297832369804 2202.3883846104145 49.586567088961601 22.174395844340324 50.886630445718765 151.80895502865314 117.89018514752388 38.852178305387497 145.21314519643784 648.42788469791412 1523.408770442009 3225.0039914697409
leaf_count=372 104 48469 2016 112 909 312 28001 1303 8992 3563 83 133 9595 4297 931 429 1009 350 223 9077 199 89 204 610 472 156 585 2607 6349 13450
internal_value=0.000102426 -0.000267757 -0.00100406 -0.00461937 0.000499569 0.00243429 0.000273625 -0.00556715 0.0042848 0.0010485 0.000609113 0.0022203 0.00274953 -0.00308286 0.00837014 0.0157061 -0.010856 0.00520632 -0.00599309 0.00590783 -0.00974488 0.00301457 0.00109597 -0.00587818 -0.00961688 -0.000837775 0.00379459 0.00292518 -0.00481392 -0.00601352
internal_weight=35796.9 33377 26230 6848.64 1070.01 7147.04 19381.4 5778.63 3548.21 1320.3 3598.83 2505.72 2427.85 1093.11 431.631 199.61 718.722 2419.87 142.196 2277.67 75.2858 843.709 12458.1 359.438 308.551 156.742 821.534 793.641 5059.91 3536.5
internal_count=145001 135048 106341 28429 4302 28707 77912 24127 14287 5295 14420 10040 9728 4380 1732 801 3025 9953 573 9380 303 3393 49911 1442 1238 628 3304 3192 21102 14753
is_linear=0
shrinkage=0.05


Tree=30
num_leaves=31
num_cat=0
split_feature=17 2 16 12 2 2 5 1 1 3 11 5 19 4 3 5 20 1 3 2 20 5 5 19 1 4 7 20 1 1
split_gain=37.5003 26.7987 15.9657 18.064 9.69933 8.94991 12.1428 8.50926 8.38246 9.44713 16.5148 10.7006 8.36269 9.77856 8.20413 10.261 9.18736 8.56214 8.19731 10.4831 8.31831 11.2397 8.23104 8.15097 8.13423 8.76302 9.29926 8.09 11.7176 11.1293
threshold=1.0000000180025095e-35 2.5266499519348149 1.0000000180025095e-35 1.0000000180025095e-35 1.8813499808311465 2.1012500524520878 2.7979500293731694 7.7743501663208017 15.843349933624269 29.92035007476807 1.5000000000000002 3.7730499505996709 5.3638501167297372 10.500000000000002 20.865249633789066 -0.26835000514984125 18.874050140380863 8.0850501060485858 63.527648925781257 1.6929499506950381 3.2246500253677373 0.40164999663829809 1.7138000130653384 -7.4133501052856436 10.722050189971926 5.5000000000000009 -5.7437500953674308 11.733950138092043 7.369150161743165 5.5455498695373544
decision_type=2 2 2 2 2 2 2 2 2 2 2 2 2 2 2 2 2 2 2 2 2 2 2 2 2 2 2 2 2 2
left_child=1 2 3 -1 14 6 -2 12 9 24 11 -11 -7 -14 15 16 17 -4 19 20 21 -5 -23 -20 -3 26 -26 28 29 -22
right_child=5 8 4 18 -6 7 -8 -9 -10 10 -12 -13 13 -15 -16 -17 -18 -19 23 -21 27 22 -24 -25 25 -27 -28 -29 -30 -31
leaf_value=-0.0025786309431962092 -0.0051452704681166639 0.013327600081273481 0.0021785309055808904 0.0073445109882221389 -0.00071216207011579264 -0.012957267063405409 0.01057975943351013 -0.023498851455713041 -0.0023465800550016356 0.0052955033603443846 -0.0020217749668362188 0.025615301827195472 0.020194488467873275 -0.017131709083531961 -0.016360698207252007 -0.0088163227010482903 -0.020801813007243042 0.034469486925100587 -0.027051219344255924 -3.1375899414597301e-05 -0.0048463785351909412 -0.010427340702361643 0.00277925183327864 -0.0035898071733738873 -0.021727825503690869 0.006764982076205836 0.0019829964507781066 0.0036946428118436432 -0.0025315837211904511 0.003949492800172311
leaf_weight=4659.8321969658136 2424.0242581814528 400.84432266652584 298.61501391232014 1492.7597392499447 1157.5755930095911 192.07993097603321 128.39685741066933 120.34139943122864 488.02142259478569 1061.4874233007431 1120.3935843259096 68.114976704120636 47.444342449307442 26.589801102876663 198.52696616947651 700.42583277821541 39.740253031253815 21.060080662369728 39.418884709477425 10972.525214657187 430.9859924018383 160.10336992144585 439.82093372941017 447.29658406972885 53.813385754823685 1559.8384034484625 167.8137696236372 2583.6045017242432 2129.1911058872938 2148.7446602582932
leaf_count=18992 10247 1642 1233 5975 4712 812 543 522 1973 4286 4510 274 200 112 828 2900 166 87 163 43999 1724 641 1762 1829 219 6407 685 10397 8536 8598
internal_value=-1.73094e-05 0.000466988 -0.000132656 0.000235399 -0.00401658 -0.00542742 -0.00435041 -0.0125112 0.00386898 0.00455372 0.00227881 0.00654236 -0.00747299 0.00673891 -0.00705334 -0.00529612 0.00156944 0.0044067 0.000864577 0.001018 0.00224473 0.00502282 -0.000756713 -0.00554151 0.00689707 0.00544349 -0.00384598 0.00144694 0.000213183 0.00247869
internal_weight=35779.4 32840.6 27920.2 25504.3 2415.94 2938.88 2552.42 386.455 4920.33 4432.31 2250 1129.6 266.114 74.0341 1258.37 1059.84 359.415 319.675 20844.5 20357.7 9385.21 2092.68 599.924 486.715 2182.31 1781.47 221.627 7292.53 4708.92 2579.73
internal_count=144974 132538 112542 102616 9926 12436 10790 1646 19996 18023 9070 4560 1124 312 5214 4386 1486 1320 83624 81632 37633 8378 2403 1992 8953 7311 904 29255 18858 10322
is_linear=0
shrinkage=0.05


Tree=31
num_leaves=31
num_cat=0
split_feature=17 18 10 13 1 2 8 9 9 8 3 8 8 3 5 2 2 7 7 19 2 3 20 20 2 5 10 20 5 0
split_gain=49.7124 22.001 19.768 16.5661 13.2325 12.0215 12.5288 12.1903 11.7389 11.0019 10.5201 10.4459 10.375 11.7279 9.4934 8.78063 9.56011 8.61628 8.08143 7.58568 7.5322 9.02466 7.42996 11.2513 9.03281 7.15883 7.10416 7.05379 8.04864 6.94773
threshold=1.0000000180025095e-35 1.0000000180025095e-35 16.885600090026859 1.0000000180025095e-35 7.3286499977111825 2.5266499519348149 8.8870501518249529 6.1896500587463388 4.1824500560760507 14.098949909210207 36.169649124145515 7.900249958038331 22.800649642944339 20.865249633789066 -2.1954499483108516 1.8769499659538271 1.8277500271797182 -2.6903499364852901 -2.5510500669479366 5.7204000949859628 7.3788499832153329 32.469350814819343 3.2404500246047978 3.1769499778747563 2.1012500524520878 -1.7059499621391294 9.2972502708435076 18.905650138854984 -2.9143999814987178 -4.4293498992919913
decision_type=2 2 2 2 2 2 2 2 2 2 2 2 2 2 2 2 2 2 2 2 2 2 2 2 2 2 2 2 2 2
left_child=1 2 3 5 -3 7 20 27 9 -8 -4 -6 13 -2 -5 16 -15 26 -19 -20 21 -7 23 24 -16 -25 -9 -1 -29 -27
right_child=12 4 10 14 11 6 8 17 -10 -11 -12 -13 -14 15 22 -17 -18 18 19 -21 -22 -23 -24 25 -26 29 -28 28 -30 -31
leaf_value=-0.0032363887123903487 -0.0050283770365157901 0.027255822531857307 0.0051619395166407961 -0.0027427325778071805 0.0026258610445922923 0.0058564323315583736 0.017578475831014011 0.0036814436551664189 0.026210729583234262 -0.016954074491237731 0.0010425051224839438 0.010252478653147507 0.012964823886951696 -0.0095559563104318929 0.0028974114168146387 -0.01911237348663835 0.022635108558566378 -0.0091893530113464402 -0.0018559559872559598 0.012846264717323941 -0.027370332571968609 -0.0026955051075069777 0.00020660073160195058 0.03503972610001254 -0.0039076304643022837 0.018475730115541444 0.022093392956170164 -0.036264955504457429 -0.0081028064858158465 0.0034312199996795302
leaf_weight=6354.996917873621 2297.6656718105078 65.150886952877045 2601.0017690211535 1771.9854881763458 1760.5406735688448 534.50543709099293 47.6438969373703 706.39368480443954 96.905949160456657 42.867133811116219 3834.3357162028551 602.20099706947803 68.281025916337967 259.70861811935902 3825.642385661602 290.766541659832 24.354648932814598 280.72901603579521 401.90735875070095 111.17029467225075 22.957104325294495 726.76370264589787 7666.1622935533524 28.228500083088875 557.97640284895897 122.66138036549091 55.668853983283043 26.298234418034554 385.19673229753971 203.82120168209076
leaf_count=25960 9703 280 10498 7099 7208 2147 191 2877 389 172 15365 2517 275 1115 15308 1262 105 1147 1640 453 92 2910 30693 113 2243 491 226 109 1593 816
internal_value=5.56682e-05 0.000613548 0.000247734 -0.000412863 0.00519285 -0.00199417 0.00217045 -0.00273077 0.0142107 0.00121689 0.00270802 0.0045732 -0.00617114 -0.00663036 0.000679668 -0.0130139 -0.00672628 0.00125927 -0.00238513 0.00134842 0.000403623 0.000930436 0.00116874 0.00272502 0.00203053 0.0112779 0.00505363 -0.00364828 -0.00998617 0.00912269
internal_weight=35774.5 32833.7 30405.8 23970.5 2427.89 9794 1471.64 8322.36 187.417 90.511 6435.34 2362.74 2940.78 2872.5 14176.5 574.83 284.063 1555.87 793.807 513.078 1284.23 1261.27 12404.5 4738.33 4383.62 354.711 762.063 6766.49 411.495 326.483
internal_count=144997 132537 122532 96669 10005 39906 5901 34005 752 363 25863 9725 12460 12185 56763 2482 1220 6343 3240 2093 5149 5057 49664 18971 17551 1420 3103 27662 1702 1307
is_linear=0
shrinkage=0.05


Tree=32
num_leaves=31
num_cat=0
split_feature=2 17 8 13 5 9 2 20 9 20 7 20 2 19 19 20 5 7 3 9 0 20 19 20 6 20 2 5 3 8
split_gain=38.3223 24.2919 10.8925 26.8247 11.6831 12.9315 10.4552 12.4121 10.2879 9.90217 9.7264 9.22516 19.1692 15.5481 12.9704 12.7439 11.1966 10.5224 8.83219 8.30884 13.4686 8.85281 8.53678 8.23527 9.384 7.6591 7.64718 7.59553 8.10207 13.6427
threshold=2.7382500171661381 1.0000000180025095e-35 16.827399253845218 1.0000000180025095e-35 3.3105499744415288 5.6566500663757333 0.87974998354911815 2.508949995040894 2.8054499626159672 2.9735499620437627 -1.8964999914169309 10.036349773406984 1.8945500254631045 -1.5969499945640562 5.6757500171661386 19.2900505065918 -0.2987499982118606 -2.150050044059753 25.693949699401859 6.1896500587463388 5.8742001056671151 3.0991500616073613 -0.32175000011920923 10.967050075531008 7.9006500244140634 9.9859499931335467 2.8642500638961796 2.7979500293731694 20.865249633789066 8.9184999465942401
decision_type=2 2 2 2 2 2 2 2 2 2 2 2 2 2 2 2 2 2 2 2 2 2 2 2 2 2 2 2 2 2
left_child=1 2 3 4 8 -6 -4 -8 -1 18 11 17 14 -14 -13 -15 -16 19 -2 20 -10 22 -21 24 25 -9 -20 28 -3 -30
right_child=9 27 6 -5 5 -7 7 23 10 -11 -12 12 13 15 16 -17 -18 -19 26 21 -22 -23 -24 -25 -26 -27 -28 -29 29 -31
leaf_value=-0.0061876081295969415 0.013043491975324657 -0.0039655655196445573 -0.027272262771893114 0.0009023161742722311 -0.015169857456926207 0.011427083596521052 0.029457250443801233 0.0033417418632053276 0.00017656136374579576 0.0054611647517379056 -0.026576415248453111 -0.0043677874764693689 -0.0073514739526928732 0.0037131179527451659 -0.0043358710675310067 -0.031001189929598563 -0.021894725617837368 0.032934604348455097 0.02211265108568726 0.0076012943167557828 -0.015983602090335988 0.0096320736634257151 -0.014979508849914345 0.003203457525003184 -0.0026737383211130768 0.024288150855251555 -0.006102437457107303 0.0061965420991625829 -0.016133339981117378 0.00030396105586872946
leaf_weight=1385.1397797167301 83.777651861310005 2183.6545322984457 29.439201593399048 13909.511676669121 315.83688840270042 52.652038529515266 40.202569961547852 350.21130347251892 2051.6110486388206 3873.8642054349184 37.343145802617073 1648.7150578200817 464.54030700027943 1486.046494320035 155.12734080851078 25.92464779317379 219.95864945650101 24.365273132920265 24.463026836514473 80.953851953148842 136.5799278318882 426.84443998336792 84.674213618040085 3968.6268095076084 1466.6922050565481 48.939154013991356 429.34229236841202 149.32233819365501 378.74449005723 189.03793320059776
leaf_count=5672 341 9233 118 55694 1293 215 161 1403 8291 15816 152 6829 1898 6064 643 106 913 99 98 325 554 1720 340 15980 5873 196 1726 632 1638 809
internal_value=0.000216435 -0.000398325 4.67584e-05 -0.000454707 -0.00265033 -0.0113489 0.00195804 0.00210914 -0.00225942 0.00457886 -0.00146347 -0.00132178 -0.00286304 0.000639428 -0.00628229 0.0030978 -0.0146636 0.000876474 -0.00177741 0.000583829 -0.000838945 0.00583115 -0.00396333 0.00191568 -0.000823657 0.00596422 -0.00453619 -0.00475598 -0.00535241 -0.0106698
internal_weight=35722.1 31310.7 28409.9 22505.8 8596.31 368.489 5904.11 5874.67 8227.82 4411.45 6842.68 6805.34 4000.31 1976.51 2023.8 1511.97 375.086 2805.03 537.583 2780.66 2188.19 592.473 165.628 5834.47 1865.84 399.15 453.805 2900.76 2751.44 567.782
internal_count=144832 126851 114539 90808 35114 1508 23731 23613 33606 17981 27934 27782 16453 8068 8385 6170 1556 11329 2165 11230 8845 2385 665 23452 7472 1599 1824 12312 11680 2447
is_linear=0
shrinkage=0.05


Tree=33
num_leaves=31
num_cat=0
split_feature=17 2 16 2 12 20 3 6 6 1 19 2 20 0 19 3 5 20 1 6 8 6 5 0 3 20 5 19 8 8
split_gain=35.5119 23.2998 13.1485 12.8102 12.5962 14.6718 10.0122 9.6356 9.60292 9.38602 9.08159 9.0751 9.01057 8.91731 8.33294 8.23707 8.09494 7.53392 9.83097 8.79124 8.3424 7.94779 7.50965 7.38804 7.33909 7.02909 7.02525 7.8357 6.98285 6.90865
threshold=1.0000000180025095e-35 2.7382500171661381 1.0000000180025095e-35 1.7022500038146975 1.0000000180025095e-35 4.547649860382081 37.174850463867195 9.08544969558716 7.8806500434875497 27.817500114440922 7.2776000499725351 2.1012500524520878 11.275099754333498 -11.481649875640867 -7.8185501098632804 20.865249633789066 2.179149985313416 10.967050075531008 8.1963000297546404 17.711050033569339 23.572199821472172 19.127799987792972 2.7611500024795537 8.1321001052856463 33.79375076293946 18.309849739074711 -1.9757500290870664 -1.0453500151634214 7.3894000053405771 7.9703500270843515
decision_type=2 2 2 2 2 2 2 2 2 2 2 2 2 2 2 2 2 2 2 2 2 2 2 2 2 2 2 2 2 2
left_child=1 2 4 6 5 11 -4 10 -6 13 23 -1 14 -7 -5 29 -11 18 19 20 -10 -21 -15 28 -18 -8 -19 -28 -3 -2
right_child=15 7 3 12 8 9 25 -9 17 16 -12 -13 -14 22 -16 -17 24 26 -20 21 -22 -23 -24 -25 -26 -27 27 -29 -30 -31
leaf_value=0.0029044363114254144 -0.0046818449329734503 0.020995016158320372 -0.006900279857150012 0.029324766446869495 -0.013990862315891625 -0.033284172365443503 -0.033729278920337412 0.033417892936648909 0.00061390123400772599 -0.014134713814676073 -0.0036766012005629311 -0.0056420846165723283 -0.0038365800957465726 -0.0022478468368983756 0.0020611893461515273 -0.010330547999881942 -0.0085784994673551284 0.020209894890777444 -0.0030268291504505556 0.02954461800457658 0.019763946315186413 0.005935285118069184 -0.016381978682295729 -0.01509508307409837 0.029536206878329242 -4.7982252041058084e-06 -0.00054251351304298711 0.0041696545968460189 0.0043737586038064945 0.0054420758659240705
leaf_weight=1603.6791699677706 2087.3800166994333 63.319207057356834 642.46860626339912 28.204803019762039 107.49116040766239 23.340801984071732 61.44337309896946 26.473868757486343 14717.728185206652 351.12193165719509 379.65888725221157 384.19410136342049 1247.3707389980555 2196.8178859949112 702.09568773210049 629.38670517504215 29.895203799009323 56.55625793337822 1804.5886478722095 39.247241243720055 56.092959955334663 321.22554163634777 97.219372734427452 47.020227462053299 20.462722614407539 20.531136259436607 1317.7196239829063 2667.0901142656803 3868.7774235904217 182.47755327820778
leaf_count=6444 8836 255 2671 115 434 97 259 107 58970 1447 1545 1543 5107 9060 2855 2713 123 229 7262 157 226 1285 402 191 84 87 5302 10752 15780 769
internal_value=3.13914e-05 0.00049918 -2.29883e-05 -0.00334067 0.000324674 -0.0020138 -0.00902398 0.00389161 0.000846685 -0.00440016 0.00370465 0.00125065 -0.00125531 -0.00317444 0.00315279 -0.00527239 -0.0114496 0.000923368 0.000460488 0.000876482 0.000687943 0.00858042 -0.00285372 0.00440967 0.00718278 -0.0253846 0.00286288 0.00261166 0.00464668 -0.00386593
internal_weight=35781.1 32881.8 28496.6 2702.11 25794.5 4706.73 724.443 4385.25 21087.7 2718.86 4358.78 1987.87 1977.67 2317.38 730.3 2899.24 401.48 20980.2 16938.9 15134.3 14773.8 360.473 2294.04 3979.12 50.3579 81.9745 4041.37 3984.81 3932.1 2269.86
internal_count=145107 132789 114911 11094 103817 19200 3017 17878 84617 11213 17771 7987 8077 9559 2970 12318 1654 84183 67900 60638 59196 1442 9462 16226 207 346 16283 16054 16035 9605
is_linear=0
shrinkage=0.05


Tree=34
num_leaves=31
num_cat=0
split_feature=18 8 20 2 5 8 3 1 20 19 20 1 7 2 7 6 9 19 9 0 8 3 8 7 8 20 6 1 8 8
split_gain=24.6369 18.0264 32.1805 19.5365 10.0187 10.0321 10.4196 9.82632 8.95297 8.20289 7.88701 10.3877 7.61712 8.85838 7.27728 8.32654 6.80476 6.74215 12.9492 16.882 7.9936 7.30905 7.67739 8.67493 11.7335 6.67204 7.96881 6.65733 6.51137 7.294
threshold=1.0000000180025095e-35 11.655700206756594 4.5322499275207528 2.1526499986648564 -2.1691499948501582 7.8854498863220224 7.174649953842164 15.843349933624269 4.1739499568939218 -1.5969499945640562 17.550950050354007 26.350049972534183 -5.0542500019073477 2.2243499755859379 -6.4428501129150382 7.899749994277955 2.9629499912261967 -0.23224999755620954 3.714249968528748 -5.8842000961303702 7.9008500576019296 44.243150711059577 7.9335498809814462 -4.5679500102996817 9.1235499382019061 17.867699623107914 7.9926500320434579 4.685349941253663 7.8712501525878915 7.8995499610900888
decision_type=2 2 2 2 2 2 2 2 2 2 2 2 2 2 2 2 2 2 2 2 2 2 2 2 2 2 2 2 2 2
left_child=1 2 4 -4 12 6 27 8 -2 10 11 -5 -1 28 -10 -16 -17 18 19 -11 -21 22 -20 -24 -25 -12 -27 -6 -14 -30
right_child=7 -3 3 9 5 -7 -8 -9 14 17 25 -13 13 -15 15 16 -18 -19 21 20 -22 -23 23 24 -26 26 -28 -29 29 -31
leaf_value=0.00510020887410344 0.002892795493811726 0.0018124500903414981 -0.004583434343096205 0.0034455309186095582 0.045659766359371634 0.00054794462980564706 0.004640046429280043 -0.0019268769885983955 0.024673143694993235 -0.00089752186649684821 -0.027692255414269812 -0.025858269127328568 -0.01707666915398455 -0.01662415995712594 -0.017211862570612718 -0.012289898511320226 0.010137354817833595 0.00037098700034352271 0.0085157409536164141 0.02011221343151547 0.050280759869985196 -0.020843511693998468 -0.034334125554834317 -0.015848249753874593 0.028888634479338173 -0.00099346830135137328 -0.021033027046027709 0.0090662099662595346 0.0023288037623979793 -0.0043013899763750451
leaf_weight=283.96403136849403 949.39736214280128 7545.3796746879816 7140.36863976717 319.3888652920723 24.99811178445816 12884.269826754928 882.63732258975506 431.88511407375336 73.871315032243729 64.265308305621147 46.330130472779274 32.395032435655594 75.892046973109245 122.15596900880337 29.735286638140678 34.347569033503532 886.35700069367886 1299.3759442716837 244.69438868761063 58.263997986912727 36.812735721468925 31.372899264097214 23.093080401420593 37.626440078020096 22.620343372225761 164.34226208925247 70.12491549551487 24.997738346457481 601.75510761141777 1330.538659632206
leaf_count=1141 3867 30356 29809 1287 100 51647 3532 1750 312 262 190 135 304 490 126 145 3738 5267 990 234 148 126 95 154 93 668 292 100 2408 5355
internal_value=1.50786e-05 -0.000337295 -0.000965506 -0.00326155 0.000391351 0.000910652 0.00591548 0.00490092 0.00639519 0.000590191 -0.00430969 0.000681358 -0.00257972 -0.00360533 0.00963545 0.00844197 0.00928826 0.00229644 0.00710938 0.0189258 0.0321949 0.00183262 0.0040581 -0.00897579 0.00114615 -0.0105427 -0.00705081 0.0278997 -0.00280553 -0.00223648
internal_weight=35773.3 33367.7 25822.3 9591.07 16231.2 13816.9 932.633 2405.59 1973.71 2450.71 632.581 351.784 2414.31 2130.34 1024.31 950.44 920.705 1818.13 518.749 159.342 95.0767 359.407 328.034 83.3399 60.2468 280.797 234.467 49.9959 2008.19 1932.29
internal_count=145121 135183 104827 39750 65077 55379 3732 9938 8188 9941 2572 1422 9698 8557 4321 4009 3883 7369 2102 644 382 1458 1332 342 247 1150 960 200 8067 7763
is_linear=0
shrinkage=0.05


Tree=35
num_leaves=31
num_cat=0
split_feature=17 18 11 1 7 20 19 20 10 3 1 19 19 20 19 19 10 10 20 7 5 3 0 3 19 6 5 9 6 5
split_gain=32.2573 19.4052 14.56 13.288 15.5819 12.3767 8.96869 8.2989 7.55968 7.51849 6.95101 8.83267 13.1747 8.04126 9.94199 8.60457 10.6159 7.40946 7.21548 7.01099 7.99481 14.6402 7.42331 7.5689 6.64762 8.37197 6.8694 6.54803 6.40664 8.43535
threshold=1.0000000180025095e-35 1.0000000180025095e-35 1.0000000180025095e-35 12.867449760437013 -3.0503000020980831 11.323150157928469 -5.90974998474121 2.5243500471115117 7.9281499385833749 19.304300308227543 7.1559998989105233 1.4777500033378603 5.8104498386383066 18.309849739074711 7.6807000637054452 7.1473498344421396 7.899749994277955 10.13124990463257 17.360449790954593 -4.9861500263214102 2.5217499732971196 33.747848510742195 -8.8601999282836896 28.721050262451175 6.3426001071929941 7.9001500606536874 2.3759499788284306 2.4532500505447392 7.9008500576019296 -0.062650002539157854
decision_type=2 2 2 2 2 2 2 2 2 2 2 2 2 2 2 2 2 2 2 2 2 2 2 2 2 2 2 2 2 2
left_child=1 2 -1 4 -3 9 8 -5 -7 -4 13 17 -13 15 -15 27 -17 19 -14 22 -21 -22 -12 -24 -8 -26 -27 -2 -9 -30
right_child=10 3 5 7 -6 6 24 28 -10 -11 11 12 18 14 -16 16 -18 -19 -20 20 21 -23 23 -25 25 26 -28 -29 29 -31
leaf_value=0.0019298643176522583 -0.025722523595799119 0.01501041981941739 0.00059541375725322241 -0.015235796033919335 -0.011964259863680471 -0.011027669059106857 -0.0010348631265910001 0.0038343230790970732 0.0013392559376557585 -0.0014712455112571156 -0.019112036915171042 -0.031644659291670284 -0.034961873151527482 0.0012649121757216878 -0.021222587953078506 -0.014227343515861047 0.0191451671415982 0.011823548573276681 -0.0062080262757790274 -0.013565774381749753 0.016567907202940126 -0.026818628000468293 0.016856746539989111 -0.0057575159174746765 -0.013688099103814725 0.0013134543598095115 -0.018655570613052255 -0.0070466811163058668 0.005997788351993022 -0.031304348109584865
leaf_weight=7064.4088273942471 48.912548273801804 446.52027240395546 12435.865162715316 61.511200815439224 60.057097494602203 553.70345456898212 2697.0545305013657 1775.9799256771803 158.73123027384281 6809.8598242551088 34.54261702299118 88.638029307126999 23.359301760792732 858.7162152081728 51.131238877773285 36.30224321782589 65.334609299898148 57.026641800999641 217.72373743355274 356.87015554308891 61.744534611701965 27.185586646199226 78.384402990341187 68.575609922409058 255.46713258326054 286.25715282559395 49.67246986925602 841.88720655441284 29.691022917628288 29.394434407353401
leaf_count=28400 208 1900 49826 247 253 2277 11074 7296 652 27565 149 381 101 3629 216 154 277 233 935 1546 263 117 335 301 1049 1179 204 3574 122 121
internal_value=-0.000164157 0.000285089 -5.78629e-05 0.00460897 0.0117952 -0.00066197 -0.00319196 0.00268432 -0.00827429 -0.000135886 -0.00520197 -0.00854423 -0.0152577 -0.00341675 -2.07436e-05 -0.006527 0.00720283 -0.00529201 -0.00912699 -0.00686429 -0.0102308 0.00315408 0.00141526 0.00633671 -0.0020887 -0.00688487 -0.00168589 -0.00809984 0.00329297 -0.0127718
internal_weight=35630.5 32714.2 30311 2403.15 506.577 23246.6 4000.89 1896.58 712.435 19245.7 2916.33 1014.05 329.721 1902.28 909.847 992.437 101.637 684.33 241.083 627.303 445.8 88.9301 181.503 146.96 3288.45 591.397 335.93 890.8 1835.07 59.0855
internal_count=144584 132165 122226 9939 2153 93826 16435 7786 2929 77391 12419 4361 1417 8058 3845 4213 431 2944 1036 2711 1926 380 785 636 13506 2432 1383 3782 7539 243
is_linear=0
shrinkage=0.05


Tree=36
num_leaves=31
num_cat=0
split_feature=17 18 8 13 8 10 1 3 10 1 9 7 2 7 1 3 8 9 9 6 1 2 2 4 2 20 9 10 8 7
split_gain=31.4204 19.0148 11.7953 15.4849 9.54065 15.2976 11.6277 11.3027 9.51568 9.36476 9.19443 13.0571 8.96956 9.47545 9.01887 8.69689 8.6549 8.53658 8.22983 7.93871 7.29274 7.20054 7.1559 6.94204 7.10796 6.62481 6.61411 7.56443 6.50489 7.3618
threshold=1.0000000180025095e-35 1.0000000180025095e-35 12.627549648284914 1.0000000180025095e-35 8.0227503776550311 7.91094994544983 6.0783500671386728 29.083749771118168 7.92514991760254 7.3286499977111825 3.5498499870300297 -4.9551501274108878 1.4976499676704409 -2.5089999437332149 3.7209500074386601 11.935349941253664 7.900249958038331 2.3605500459671025 5.2906498908996591 7.9052500724792489 25.42665004730225 2.1137499809265141 1.4373499751091006 10.500000000000002 1.3546499609947207 17.550950050354007 6.0800499916076669 7.8994500637054452 7.898750066757203 -2.8622499704360957
decision_type=2 2 2 2 2 2 2 2 2 2 2 2 2 2 2 2 2 2 2 2 2 2 2 2 2 2 2 2 2 2
left_child=1 2 3 12 7 6 -6 -5 -7 -3 11 -9 13 18 -14 -8 -11 -10 22 20 -2 -17 23 -1 -25 -20 -16 -28 29 -29
right_child=19 9 -4 4 5 8 15 10 17 16 -12 -13 14 -15 26 21 -18 -19 25 -21 -22 -23 -24 24 -26 -27 27 28 -30 -31
leaf_value=-0.0068469439124422011 -0.0038916313245997772 0.023389497302818807 0.0018179594759882619 0.0012845340652447687 0.0018011297377865422 0.033419728947683539 -0.034397975834099807 -0.0016242969432329127 -0.024747212412822506 0.0023806055509168387 -0.010105882923473884 0.040360918289936182 -0.029962004885871037 0.0089222347924418164 -0.0021630368752671427 -0.0061690578953441967 0.0093918690248487591 0.00096182044172181012 -0.025483864827680794 -0.0096849636655619662 0.021441813497298845 -0.021797362647699974 -0.015338948346078188 0.0099074599725063883 -0.015946345944874842 0.0010466960268691846 -0.0080216341051055056 0.017951724827162337 0.0036051812009737852 -0.012748497651320587
leaf_weight=453.43901148438454 2191.7210934460163 64.036353766918182 7195.3166535645723 12170.312747910619 144.02421376109123 20.720844238996506 48.958715200424194 125.28747144341469 32.709382995963097 1750.799908041954 391.40726940333843 20.716035932302475 26.8195980489254 89.577443525195122 6540.0984029769897 204.44031250476837 587.49000082910061 765.23112967610359 103.01899605989456 696.08990302681923 27.801303058862686 115.33741761744022 164.09531971812248 137.88563102483749 31.934866234660149 30.309218123555183 189.99141950905323 22.492708504199982 1354.9908761531115 116.91454641520977
leaf_count=1879 9297 279 28935 48711 578 83 196 502 131 7190 1569 83 111 369 26684 827 2471 3063 424 3027 112 472 678 570 132 128 773 93 5510 484
internal_value=-5.49379e-05 0.000386008 4.85578e-05 -0.000497892 0.000549023 -0.00347624 -0.0102392 0.000971002 0.000766985 0.00466792 -0.00611851 0.0045669 -0.00208475 -0.00652945 -0.00153983 -0.0149342 0.00414543 -0.000121707 -0.00804086 -0.00502878 -0.0035648 -0.0118563 -0.00607987 -0.00362142 0.00498074 -0.0194898 -0.00144351 0.00134985 0.00254587 -0.00770258
internal_weight=35814 32898.4 30496 23300.7 14039.1 1331.42 512.761 12707.7 818.661 2402.33 537.411 146.004 9261.57 1010.26 8251.31 368.736 2338.29 797.941 920.683 2915.61 2219.52 319.778 787.355 623.26 169.82 133.328 8224.49 1684.39 1494.4 139.407
internal_count=145361 132925 122985 94050 56215 5350 2073 50865 3277 9940 2154 585 37835 4180 33655 1495 9661 3194 3811 12436 9409 1299 3259 2581 702 552 33544 6860 6087 577
is_linear=0
shrinkage=0.05


Tree=37
num_leaves=31
num_cat=0
split_feature=17 2 8 20 2 20 3 19 8 2 2 20 4 20 3 19 19 3 7 19 7 7 0 8 5 2 19 0 9 9
split_gain=26.9783 14.4779 9.39392 18.4557 12.0441 11.4726 11.1872 9.29155 8.73307 8.70062 9.48457 7.80759 7.91883 11.9301 9.90123 7.76545 7.7518 7.10742 9.33922 6.56047 9.04913 6.99688 6.45141 6.44144 6.37455 6.85449 6.24404 7.77317 7.16698 6.24011
threshold=1.0000000180025095e-35 2.7382500171661381 22.655349731445316 9.6807999610900897 1.4976499676704409 10.967050075531008 45.232500076293952 -5.4116499423980704 7.8936500549316415 1.5171499848365786 1.8813499808311465 4.547649860382081 9.5000000000000018 11.684050083160402 23.849200248718265 0.99414998292922985 -0.027849999256432053 35.480350494384773 -3.4984500408172603 6.0743498802185067 -3.1134500503540035 -2.9631500244140621 5.7945499420166025 22.801549911499027 -3.2038999795913692 1.6273500323295595 -6.52304983139038 8.5118498802185076 6.4781498908996591 3.714249968528748
decision_type=2 2 2 2 2 2 2 2 2 2 2 2 2 2 2 2 2 2 2 2 2 2 2 2 2 2 2 2 2 2
left_child=1 2 3 8 -5 6 -4 9 -1 -7 26 -3 13 14 -13 17 -15 18 -9 -17 23 -22 -20 -21 25 -2 28 -28 -11 -8
right_child=24 11 5 4 -6 7 29 15 -10 10 -12 12 -14 16 -16 19 -18 -19 22 20 21 -23 -24 -25 -26 -27 27 -29 -30 -31
leaf_value=0.0033662666033228632 0.031447772729387438 0.0010193132754642471 -0.0035747668551301716 -0.011106660103151362 -0.002160286350081145 -0.010134264269802729 -0.0024753098130916511 0.015484225626418073 6.8022868334273402e-05 0.0087615058486353418 -0.029754800349828327 0.03712789951573147 0.0017352708993180893 0.0075326244065614945 0.0098499573393219918 -0.0015605367413212836 -0.006101608751677666 0.0040342742368326143 -0.021348710663086416 -0.00027390785295047169 0.032019015756764989 0.0089410989201135545 0.0061440710528438214 0.0152329529883382 -0.0048078152166905509 -0.0021685381043395607 -0.0064753181871973521 0.024193827070219803 -0.016390552805326784 0.023580136036147628
leaf_weight=2303.0290126800537 24.255426749587059 2080.5584085583687 1119.6496515572071 405.48017781972885 5067.2134314030409 206.25525026023388 36.10272029042244 422.27907109260559 15566.797400608659 352.78625123202801 22.185965210199356 33.728165179491043 939.83693274855614 206.36637054383755 890.07298935949802 687.90595224499702 208.6611265540123 939.40109975636005 21.931351006031036 432.71566386520863 45.916984498500824 113.80018962919712 311.20026077330112 78.22430756688118 2858.2529108375311 37.654085978865623 214.93523576855659 21.862439408898354 29.872135028243065 61.381109580397606
leaf_count=9216 105 8456 4484 1716 20849 826 145 1715 62450 1420 89 144 3850 833 3684 2775 843 3768 89 1747 185 459 1263 314 12206 162 866 88 120 247
internal_value=0.000141804 0.000551615 0.000140578 -0.000284811 -0.00282504 0.00208024 -0.00215653 0.00340226 0.000493259 -0.00122713 0.00164738 0.00323459 0.00525593 0.00772424 0.010885 0.00468778 0.000679625 0.00694453 0.0105535 0.00186945 0.00538474 0.0157337 0.00427564 0.00212529 -0.00446273 0.0112925 0.0028182 -0.00355394 0.00676041 0.0140035
internal_weight=35740.3 32820.1 28460.9 23342.5 5472.69 5118.41 1217.13 3901.27 17869.8 847.897 641.642 4359.22 2278.67 1338.83 923.801 3053.37 415.027 1694.81 755.411 1358.56 670.657 159.717 333.132 510.94 2920.16 61.9095 619.456 236.798 382.658 97.4838
internal_count=145114 132641 114831 94231 22565 20600 4876 15724 71666 3409 2583 17810 9354 5504 3828 12315 1676 6835 3067 5480 2705 644 1352 2061 12473 267 2494 954 1540 392
is_linear=0
shrinkage=0.05


Tree=38
num_leaves=31
num_cat=0
split_feature=2 10 20 10 5 20 5 19 20 2 2 20 8 20 2 2 20 8 5 19 2 3 9 1 1 1 20 20 3 3
split_gain=22.3086 10.5154 25.3621 7.86521 11.5375 7.6675 7.32779 8.58705 9.06557 8.85643 11.8884 8.51345 7.32811 7.30322 6.99886 6.50291 7.51506 7.99788 6.84638 6.69284 6.54235 7.02374 6.46722 11.1288 7.94557 7.89343 6.44639 9.50422 7.08653 10.233
threshold=2.3705500364303593 16.852499961853031 4.563349962234498 16.981949806213382 0.76704999804496776 10.967050075531008 -1.3619499802589414 -1.3946500420570371 19.259149551391605 1.5171499848365786 1.5987499952316286 17.234799385070804 22.801549911499027 3.0991500616073613 1.4284500479698183 1.5929500460624697 10.655350208282472 15.444749832153322 -1.1284999847412107 1.2800999879837038 1.6571499705314638 37.106048583984382 4.6371500492095956 8.6819500923156756 25.830349922180179 24.682049751281742 2.9576500654220585 2.740650057792664 28.109749794006351 29.495849609375004
decision_type=2 2 2 2 2 2 2 2 2 2 2 2 2 2 2 2 2 2 2 2 2 2 2 2 2 2 2 2 2 2
left_child=1 2 -1 4 13 15 11 9 -9 12 -11 -7 -8 -3 -4 -5 17 -17 -18 22 21 -21 23 -19 -24 -25 27 28 -2 -30
right_child=26 3 14 5 -6 6 7 8 -10 10 -12 -13 -14 -15 -16 16 18 19 -20 20 -22 -23 24 25 -26 -27 -28 -29 29 -31
leaf_value=3.2277046639009911e-05 0.0095843878791130079 -0.023072785640432622 -0.009835774512840071 -0.0051495828074302084 0.031439996392095375 -0.0046888019241321651 -0.020599478360431023 0.0034775882683574857 -0.013397980822200853 0.008309382715564655 -0.0047571308638220816 0.011041778393321534 -0.0020055919873833792 0.010842677614873838 -0.0030617215231218153 -0.020980303819699123 0.014057849520781127 0.029841609763723981 -0.016727820859955545 0.02559094504437184 -0.0083987884609625987 -0.010292741259686431 -0.0043087604367511084 -0.01863647619954957 0.013224468168284804 0.013280988428162716 0.0034560360352204607 -0.0096745977572260198 -0.03345907768106858 0.00059763971794659558
leaf_weight=16665.5138310045 196.27252957224846 21.459701806306839 400.99752698838711 783.00608338415623 51.956360101699829 108.25349061191082 109.11140520870686 2407.7746909856796 81.333836898207664 269.75837115943432 486.51638649404049 408.71434560418129 102.60565191507339 53.132928848266602 7502.5049689114094 31.22860686480999 21.735672250390053 75.447564706206322 89.680819094181061 33.734710797667503 147.64159323275089 21.730850890278816 150.68120130896568 26.45978969335556 111.67104975879192 64.933059215545654 4855.9519336521626 241.92417907714844 24.428598985075951 166.07571345567703
leaf_count=66839 793 86 1710 3137 208 435 437 9715 328 1085 1961 1650 411 213 31373 125 87 302 359 135 591 87 603 106 447 260 19814 975 98 667
internal_value=-9.4172e-05 -0.000626512 -0.00107406 0.00131655 0.0135923 0.00103332 0.00219869 0.0013673 0.002921 -0.00262683 -9.15709e-05 0.00774509 -0.01164 0.000909322 -0.00340662 -0.00193883 0.00130777 0.00332873 -0.0106504 0.00456056 -0.00290768 0.0115988 0.0080933 0.0157603 0.00317619 0.00393864 0.00283929 -0.00192222 0.00293924 -0.00392141
internal_weight=35712.2 30227.6 24569 5658.57 126.549 5532.02 3974.07 3457.1 2489.11 967.992 756.275 516.968 211.717 74.5926 7903.5 1557.95 774.945 663.528 111.416 632.3 203.107 55.4656 429.193 166.84 262.352 91.3928 5484.65 628.701 386.777 190.504
internal_count=145037 122690 99922 22768 507 22261 16022 13937 10043 3894 3046 2085 848 299 33083 6239 3102 2656 446 2531 813 222 1718 668 1050 366 22347 2533 1558 765
is_linear=0
shrinkage=0.05


Tree=39
num_leaves=31
num_cat=0
split_feature=2 10 20 20 8 3 19 19 3 20 3 1 10 0 2 0 9 9 8 9 20 0 7 19 19 3 5 5 3 1
split_gain=18.4442 14.213 20.4131 11.868 8.44654 10.0722 8.32252 9.51568 8.08828 7.99177 8.02054 7.90381 7.45722 7.17303 8.6858 9.27645 14.5542 20.3328 12.3481 9.55378 10.0585 9.90985 9.28998 8.90544 18.8229 9.32935 8.79714 7.69963 7.58297 7.28981
threshold=2.5266499519348149 22.800649642944339 4.2987499237060556 4.5783500671386728 7.8954501152038583 31.341349601745609 -5.5028500556945792 1.5046499967575075 35.368949890136726 3.7198499441146855 7.7678000926971444 27.266949653625492 7.8971500396728525 10.329249858856203 1.7528499960899355 5.7945499420166025 6.1282501220703134 6.2426500320434579 7.8966498374938974 4.9004499912261972 3.4101500511169438 0.1033499985933304 -3.2564500570297237 1.562750041484833 0.55204999446868908 16.211649894714359 -0.51225000619888295 0.1933499947190285 15.758600234985353 26.250650405883793
decision_type=2 2 2 2 2 2 2 2 2 2 2 2 2 2 2 2 2 2 2 2 2 2 2 2 2 2 2 2 2 2
left_child=1 2 4 -2 5 -1 -3 -8 -9 13 12 -12 -11 14 -6 18 22 28 -16 20 26 -21 -17 24 -19 -26 -20 -25 -18 -22
right_child=3 6 -4 -5 9 -7 7 8 -10 10 11 -13 -14 -15 15 16 17 23 19 21 29 -23 -24 27 25 -27 -28 -29 -30 -31
leaf_value=0.003529525775557991 0.00024019686029793736 -0.0018992259117989346 -0.0026107872857525673 0.0051560058255427019 0.00052106892427113919 -0.018138691398704415 0.004810471702525982 0.021190710158432362 -0.0010324060157098352 0.0035391555365137072 0.00091215907101556328 0.016878157222311296 0.029025469509220376 0.0060799687148954014 -0.02417787167451128 0.0010916687819185458 -0.00065960067063310849 -0.0074680213915189119 -0.0056624520206026022 -0.01884678910697515 -0.0060389369497834012 0.0060742079814777097 -0.037044634421607645 -0.024289099456317367 0.028591729520055176 -0.0011014068534704246 0.0010901138427961783 -0.0042600445028873977 0.03502829780806762 -0.025921925325520196
leaf_weight=2284.1214316040277 2304.0273160487413 1081.3313715010881 10462.543558731675 2627.7870737016201 3629.7606116086245 53.940639659762383 2615.2319770604372 41.25354990363121 1319.9588522464037 67.247371077537537 3699.7829822003841 78.179401978850365 49.495756313204765 337.24171072244644 58.242899388074875 21.642665043473244 23.242330208420753 688.74533988535404 660.13967233896255 41.787594839930534 698.71897082030773 595.1844017803669 59.318241059780121 118.95724438130856 57.240537986159325 48.336283668875694 1782.5436388850212 80.80811433494091 40.213585525751114 48.50743043422699
leaf_count=9139 9360 4344 43373 10770 14572 217 10537 167 5316 269 14843 314 198 1351 233 87 93 2759 2651 168 2803 2386 239 477 229 194 7149 324 162 195
internal_value=2.17881e-05 -0.000433583 -0.000910646 0.00285997 0.0002579 0.00302208 0.00198889 0.00304641 -0.00034384 -0.000243861 0.00164779 0.00124693 0.0144994 -0.00106341 -0.00134247 -0.00268879 -0.0066559 -0.00507743 -0.00152484 -0.00117385 -0.00229035 0.00441232 -0.026961 -0.00683592 -0.00445125 0.0151145 -0.00073635 -0.0162486 0.0221493 -0.00736259
internal_weight=35675.5 30743.7 25685.9 4931.81 15223.4 2338.06 5057.78 3976.44 1361.21 12885.3 3894.71 3777.96 116.743 8990.63 8653.39 5023.63 1138.5 1057.54 3885.12 3826.88 3189.91 636.972 80.9609 994.088 794.322 105.577 2442.68 199.765 63.4559 747.226
internal_count=144919 124789 104425 20130 61052 9356 20364 16020 5483 51696 15624 15157 467 36072 34721 20149 4564 4238 15585 15352 12798 2554 326 3983 3182 423 9800 801 255 2998
is_linear=0
shrinkage=0.05


Tree=40
num_leaves=31
num_cat=0
split_feature=17 2 8 19 5 8 6 19 6 6 2 3 10 2 19 19 10 5 19 19 19 9 15 7 0 19 8 6 5 19
split_gain=21.1305 12.8106 9.05175 7.09015 6.39661 7.63278 5.89479 8.6651 7.71529 7.77007 7.70679 6.4721 15.136 7.95306 11.4043 8.29494 10.4684 7.84322 6.20955 6.17311 10.1122 11.5628 10.6458 9.64982 7.52953 8.69527 7.03227 6.87007 6.61408 6.57026
threshold=1.0000000180025095e-35 7.3194499015808114 9.6826500892639178 1.5336499810218813 -2.0865499973297115 8.8870501518249529 7.8999500274658212 -8.2202496528625471 7.9093499183654794 7.9107499122619638 0.87974998354911815 10.448249816894533 7.8999500274658212 1.9173499941825869 -5.4116499423980704 0.089749999344348921 7.9010500907897958 2.7979500293731694 -8.1772503852844221 -1.3946500420570371 5.1433501243591317 6.5878500938415536 1.0000000180025095e-35 -4.3063499927520743 5.0006999969482431 -6.5729498863220206 8.5046501159667987 7.9072499275207528 0.37594999372959143 -7.6834499835968009
decision_type=2 2 2 2 2 2 2 2 2 2 2 2 2 2 2 2 2 2 2 2 2 2 2 2 2 2 2 2 2 2
left_child=1 6 3 -3 5 -2 18 -8 19 -10 -11 12 -12 17 -15 -16 -17 -14 -1 23 21 -21 26 -9 29 -26 28 -22 -23 -25
right_child=4 2 -4 -5 -6 -7 7 8 9 10 11 -13 13 14 15 16 -18 -19 -20 20 27 22 -24 24 25 -27 -28 -29 -30 -31
leaf_value=-0.024253795738974654 -0.0069782861695603833 0.0057724117180638392 0.028015659864082179 -0.00081972966623551852 -0.0029023287834470161 -0.027134858441760147 0.014577083542704913 -0.0027220459294597919 -0.021534188084811279 -0.021535936744248717 -0.019896132069651479 -0.0011385415520932824 0.011107658219464731 -0.01414520415161168 0.019105276224845459 0.0071322563602943803 -0.022841746187207568 0.041308279335645348 -0.001659749694508072 0.0031488873131084102 -0.00026853845774911446 -0.0072292582444087585 -0.023173475432843808 -0.0046774976848794952 0.0028192823307539817 -0.0029032985459927197 0.021198542413188672 0.023063311983652829 0.005291191284254565 0.0068360558809178063
leaf_weight=29.728189587593079 459.79514367878437 1395.0478028208017 38.549334391951561 575.93612930178642 2401.1918004602194 51.547125667333603 106.86541044712067 2611.800791785121 44.623633697628975 43.716316059231758 57.369362905621529 7070.6330454051495 164.82510663568974 79.198619306087494 95.195628046989441 136.10378639400005 35.988959357142448 24.031432911753654 2999.288822054863 7506.012491568923 5592.9162914305925 329.78274750709534 64.461975306272507 145.58495672047138 1299.3606456369162 1355.0186508446932 30.342802926898003 30.729218393564224 154.00635670125484 808.17993021011353
leaf_count=120 1972 5774 168 2374 10268 230 432 10524 180 176 231 28761 664 319 383 547 145 97 12107 30249 22517 1326 260 587 5218 5442 122 124 620 3257
internal_value=9.4837e-05 0.000457034 0.00432404 0.0038467 -0.00398601 -0.00905922 0.00020473 0.000433072 0.000377941 -0.000960419 -0.00083852 -0.000717655 0.00429668 0.00692153 0.00240695 0.00734587 0.000768183 0.0151479 -0.00188943 0.00089856 0.0014913 0.0026238 -0.00418173 -0.000407825 0.00126764 -0.000101998 -0.00176018 -0.000136969 -0.00324088 0.00507554
internal_weight=35737.8 32825.3 2009.53 1970.98 2912.53 511.342 30815.8 27786.7 27679.9 7751.69 7707.06 7663.35 592.713 535.344 346.487 267.288 172.093 188.857 3029.02 19928.2 13708.3 8084.61 578.594 6219.94 3608.14 2654.38 514.132 5623.65 483.789 953.765
internal_count=145194 132724 8316 8148 12470 2202 124408 112181 111749 31503 31323 31147 2386 2155 1394 1075 692 761 12227 80246 55218 32577 2328 25028 14504 10660 2068 22641 1946 3844
is_linear=0
shrinkage=0.05


Tree=41
num_leaves=31
num_cat=0
split_feature=2 17 9 1 10 13 10 20 3 10 5 9 7 19 7 10 8 19 7 12 2 5 4 19 19 2 1 0 0 19
split_gain=16.1733 11.0858 9.59798 8.9599 7.63761 13.58 10.6425 7.09191 11.675 7.75495 6.968 6.95779 7.52959 8.53007 7.47376 7.03347 6.54442 6.27478 6.71171 7.15344 7.97403 7.30842 7.29636 9.54202 7.02855 10.8119 6.90717 7.61913 6.23969 6.9572
threshold=3.9701999425888066 1.0000000180025095e-35 2.2492500543594365 7.3286499977111825 11.036849975585939 1.0000000180025095e-35 7.5202000141143808 18.309849739074711 42.142799377441413 8.1175503730773944 2.8818500041961674 6.6208500862121591 -2.9324499368667598 -5.90974998474121 -4.1618499755859366 7.9006500244140634 7.902250051498414 7.725450038909913 -2.3083499670028682 1.0000000180025095e-35 1.6622499823570254 0.13225000351667407 6.5000000000000009 7.1473498344421396 -1.2766000032424925 2.0832500457763676 5.5990500450134286 5.9602000713348398 0.30194999277591711 6.5680000782012948
decision_type=2 2 2 2 2 2 2 2 2 2 2 2 2 2 2 2 2 2 2 2 2 2 2 2 2 2 2 2 2 2
left_child=1 4 -3 -2 5 10 -7 8 9 11 -1 12 14 -14 -4 -16 -5 18 19 20 -9 -22 24 -24 25 -21 -26 -28 -12 -30
right_child=3 2 7 16 -6 6 -8 17 -10 -11 28 -13 13 -15 15 -17 -18 -19 -20 22 21 -23 23 -25 26 -27 27 -29 29 -31
leaf_value=-0.0015533797628387929 0.020164021417913541 0.026076540762947693 -0.0053628026459051955 0.0021125519426589906 0.001434136915874136 -0.023599416956273229 0.00064648130318862391 0.0073156517193305797 -0.042949826975386123 -0.016680115267608511 -0.01034201532013428 0.0065896643273439803 -0.034032303476653335 -0.0086336301882953929 0.0014825012946416815 0.029602645924420426 0.0086706012705769289 -0.015833594909729073 0.026437797358312157 0.0039735320748828899 -0.0091917412658344862 -0.039335620224844291 -0.00090653565326405394 -0.025332855919811909 0.023801610877142929 -0.029706251925742451 0.010763192454364207 -0.014745519025485569 0.0041731385345754922 -0.021688275433221611
leaf_weight=8074.7010716348886 81.048576503992081 26.781094461679459 883.27014972269535 1997.6856290996075 7536.4047325104475 44.408279150724411 13837.082248702645 37.395564615726471 19.920398563146591 135.32054853439331 435.47864970564842 134.67622095346451 42.468027979135513 142.94722834229469 111.90894682705402 26.788285404443741 469.24759477376938 65.690042912960052 22.38115257024765 122.76676926016808 57.277406990528107 30.731465831398964 715.7758711874485 41.353639587759972 74.173361241817474 28.518991068005562 147.22160860896111 35.555576264858246 172.1267683506012 29.60286146402359
leaf_count=33045 353 115 3796 8221 30352 179 55408 165 87 583 1773 578 182 612 483 115 1992 281 96 519 259 139 3045 176 314 122 624 150 704 121
internal_value=6.76495e-05 -0.000228463 -0.00317887 0.00390512 5.58957e-05 -0.000403883 0.000567222 -0.00346025 -0.00584168 -0.00531261 -0.00195112 -0.00415486 -0.0053578 -0.0146024 -0.00366793 0.00708671 0.003363 -0.000871862 -0.000111926 -0.000592392 -0.0118901 -0.0200412 0.000632499 -0.00227233 0.00601229 -0.00252885 0.0110314 0.00574776 -0.00698097 0.000289838
internal_weight=35580.7 33032.7 2902.92 2547.98 30129.8 22593.4 13881.5 2876.14 1497.3 1477.38 8711.91 1342.06 1207.38 185.415 1021.97 138.697 2466.93 1378.84 1313.15 1290.77 125.404 88.0089 1165.37 757.13 408.236 151.286 256.951 182.777 637.208 201.73
internal_count=144589 134023 12441 10566 121582 91230 55587 12326 6436 6349 35643 5766 5188 794 4394 598 10213 5890 5609 5513 563 398 4950 3221 1729 641 1088 774 2598 825
is_linear=0
shrinkage=0.05


Tree=42
num_leaves=31
num_cat=0
split_feature=17 2 16 2 6 20 9 5 5 8 20 10 20 7 2 1 6 5 2 20 9 20 7 0 5 8 1 20 9 5
split_gain=19.5985 11.4052 14.5451 11.7993 10.6541 10.2817 11.8896 10.1485 8.67254 8.57203 8.35245 8.23263 6.74008 8.48112 6.70834 14.204 11.2402 7.00626 10.244 8.57541 6.93482 6.64342 7.57454 7.67825 7.36525 7.96813 6.74808 8.64408 16.3211 9.93587
threshold=1.0000000180025095e-35 2.2433500289916997 1.0000000180025095e-35 2.0682500600814824 7.8984498977661142 3.2404500246047978 2.3807500600814824 -0.4789499938488006 2.9330500364303593 7.8469500541687021 2.9128500223159794 16.565000534057621 4.4701499938964853 -2.9478499889373775 1.9885500073432925 4.5335500240325937 20.215999603271488 2.4626499414443974 1.9683499932289126 17.174150466918949 4.5749499797821054 3.6744500398635869 -2.3083499670028682 7.2059500217437753 1.9488499760627749 7.8999500274658212 5.1838500499725351 4.2987499237060556 2.9629499912261967 0.18394999951124194
decision_type=2 2 2 2 2 2 2 2 2 2 2 2 2 2 2 2 2 2 2 2 2 2 2 2 2 2 2 2 2 2
left_child=1 2 3 4 -1 -6 -7 -5 12 -4 -3 -11 -9 -14 16 -16 21 18 -18 -20 -19 -8 24 -24 26 -26 27 -23 -29 -30
right_child=-2 10 9 7 5 6 14 8 -10 11 -12 -13 13 -15 15 -17 17 20 19 -21 -22 22 23 -25 25 -27 -28 28 29 -31
leaf_value=-0.0089214979945747598 -0.0040269887991651555 -0.0031717069343396216 -0.036092554017110652 -0.007064048356114701 0.0025414967558081789 -0.0078529265804226055 -0.001850279116056985 -0.0017962441971804311 -0.01571275725031011 -0.0036327698287335927 0.0028854266378202545 -0.033325062191544401 0.0088318716392605506 -0.0052213257345255564 -0.015628594316415105 0.005802165389636238 -0.0014910306660760263 -0.038774112224488011 -0.029596284981055938 0.001593440711774979 -0.0085886349771204656 -0.00027152650033947484 -0.0094389261914653074 0.021509346050833017 0.019494415835544052 0.0037480391770272521 0.00096280457613912148 0.0067243025322615479 -0.013746939149815958 -0.04329423694983775
leaf_weight=291.28572987020016 2907.5759921967983 636.62605173885822 20.053291857242584 937.68575696647167 5548.5350580364466 462.12773483991623 2220.7580143809319 1643.4765135496855 93.378905311226845 1899.8363919556141 5309.7458398640156 22.65372408926487 367.22704176604748 150.77044747769833 82.990905106067657 977.8935402482748 2027.548670694232 20.006501972675323 59.664935499429703 34.457438617944717 217.80824168026447 411.4787326157093 25.634700551629066 83.487204000353813 87.925644382834435 843.27840358018875 8066.1554028242826 69.996211513876915 94.493618533015251 40.747348055243492
leaf_count=1177 12474 2564 84 3805 22237 1869 8898 6614 378 7907 21652 91 1506 616 332 3942 8315 83 244 142 893 1646 104 335 352 3393 32445 280 378 163
internal_value=-9.3626e-05 0.000255718 -0.000183826 0.000141854 0.00056004 0.00068966 4.03121e-05 -0.00269546 -0.00087645 -0.00434949 0.00223652 -0.00399979 -0.00022853 0.00473931 0.00027822 0.00411254 -6.43831e-06 -0.00315925 -0.00224415 -0.0182813 -0.0112798 0.0006166 0.00118016 0.0142193 0.0010307 0.00525415 0.0005772 -0.0044596 -0.0128142 -0.0229018
internal_weight=35655.3 32747.7 26801.4 24858.8 21666.3 21375 15826.5 3192.54 2254.85 1942.54 5946.37 1922.49 2161.47 517.997 15364.3 1060.88 14303.4 2359.49 2121.67 94.1224 237.815 11944 9723.2 109.122 9614.08 931.204 8682.87 616.716 205.237 135.241
internal_count=144919 132445 108229 100147 87228 86051 63814 12919 9114 8082 24216 7998 8736 2122 61945 4274 57671 9677 8701 386 976 47994 39096 439 38657 3745 34912 2467 821 541
is_linear=0
shrinkage=0.05


Tree=43
num_leaves=31
num_cat=0
split_feature=2 17 1 6 5 6 19 20 8 19 5 20 19 9 6 19 19 2 0 1 8 6 3 2 3 1 8 9 9 19
split_gain=16.0822 11.0455 9.53948 7.31376 7.13441 7.22436 6.93038 9.77024 7.20613 9.05534 8.34796 8.21387 6.58315 9.10698 8.32324 8.93588 9.0697 8.66695 8.59763 16.401 8.23845 8.18235 8.53125 11.2316 8.11014 8.44574 7.09309 8.0321 7.01497 8.70129
threshold=3.9701999425888066 1.0000000180025095e-35 7.3286499977111825 10.134799957275392 -3.1327500343322749 23.170100212097172 5.1433501243591317 10.243549823760988 7.9039499759674081 0.17774999886751178 -1.0881499648094175 4.2348499298095712 -7.4554500579833975 4.1516499519348153 7.9046499729156503 1.2225499749183657 0.90544998645782482 0.87974998354911815 -4.6724500656127921 24.226650238037113 23.572199821472172 7.9003500938415536 16.940499305725101 2.1413500308990483 9.7083497047424334 22.666300773620609 7.3894000053405771 2.1501499414443974 6.4996500015258798 -6.8834500312805167
decision_type=2 2 2 2 2 2 2 2 2 2 2 2 2 2 2 2 2 2 2 2 2 2 2 2 2 2 2 2 2 2
left_child=1 12 -2 -3 -5 -6 7 8 -4 10 -10 -12 13 21 15 16 20 -16 19 -18 26 22 -1 -24 -15 -26 -14 -28 -29 -30
right_child=2 3 6 4 5 -7 -8 -9 9 -11 11 -13 14 24 17 -17 18 -19 -20 -21 -22 -23 23 -25 25 -27 27 28 29 -31
leaf_value=-0.0052387163233215371 0.021010551605175107 -0.0019754129341913013 0.00061325570505415259 0.018242627125403373 -0.0082548065842454957 -0.035732851827623903 -0.0010487092628459803 0.010147046029000115 -0.013154586791157025 0.02687692631743166 0.0026726333369933848 0.033997776116701725 0.023731155501853052 -0.0095604485468577145 -0.024139656064160245 -0.00060122198165813161 0.0039965705010189777 -0.0010546032209341784 0.0091529534003414164 -0.032263212943143924 0.024680657941535834 -0.0020564090785725971 -0.030903332613705793 -0.0010256964009287741 0.0031235183013340433 -0.0063202782741511674 -0.014193724427592289 0.0016674713723064676 0.0076681842369599965 -0.0031581184713576089
leaf_weight=152.70150610804558 77.707581028342247 2338.5234587192535 1013.9761896282434 23.182693958282471 502.43021503090858 24.247534930706024 663.47541680932045 598.45888048410416 46.99612620472908 60.856359794735909 68.708771407604218 29.214989647269249 33.610024988651276 214.40595407783985 39.882899940013885 7555.5696347504854 179.67136919498444 7472.7314898371696 682.81925305724144 36.697787553071976 36.245368406176567 310.04769884049892 105.17934119701385 44.795531690120697 1006.6737993210554 308.46627193689346 84.663550764322281 10192.454768702388 211.14391475915909 1483.7214312106371
leaf_count=615 340 9976 4151 101 2223 105 2739 2523 198 258 284 128 135 862 161 30415 724 30371 2750 148 147 1254 430 180 4053 1247 342 41048 847 5961
internal_value=5.1692e-05 -0.000244136 0.00386921 -0.00319731 -0.00838094 -0.00958518 0.00332423 0.00491964 0.00234866 0.0108556 0.00398972 0.0122675 3.88622e-05 -0.00263192 0.000243222 0.000765037 0.00156271 -0.00118035 0.00640397 -0.00227349 0.0012007 -0.00777729 -0.0136114 -0.0220452 -0.000566989 0.000905355 0.00112776 0.00106233 0.00117217 -0.00180567
internal_weight=35599.3 33039.9 2559.39 2888.38 549.86 526.678 2481.69 1818.21 1219.75 205.776 144.92 97.9238 30151.5 2142.27 28009.2 20496.6 12941 7512.61 899.188 216.369 12041.8 612.724 302.676 149.975 1529.55 1315.14 12005.6 11972 11887.3 1694.87
internal_count=144716 134095 10621 12405 2429 2328 10281 7542 5019 868 610 412 121690 8641 113049 82517 52102 30532 3622 872 48480 2479 1225 610 6162 5300 48333 48198 47856 6808
is_linear=0
shrinkage=0.05


Tree=44
num_leaves=31
num_cat=0
split_feature=2 16 6 2 5 8 19 6 2 5 20 20 0 20 19 6 9 6 2 5 20 7 20 20 0 8 19 6 0 1
split_gain=13.8858 11.6799 10.3994 9.13721 8.67931 8.50893 8.35233 7.79938 11.2041 13.2439 9.02643 7.48903 9.2037 7.46854 7.91051 7.38944 7.30688 7.1484 10.3354 9.71109 9.50121 9.89787 9.85348 9.67898 8.88449 8.64634 9.30683 8.84272 8.44962 7.68985
threshold=2.1645499467849736 1.0000000180025095e-35 7.9046499729156503 2.1012500524520878 -2.3804000616073604 23.988450050354007 7.4055500030517587 7.9021501541137704 3.5178999900817876 -0.41865000128746027 2.4771499633789067 19.064649581909183 -1.0530499815940855 18.654500007629398 -1.4535000324249265 7.9005498886108407 4.6752500534057626 8.0726499557495135 1.4976499676704409 -0.12595000118017194 4.5936498641967782 -2.3539500236511226 11.584300041198732 2.9426499605178837 1.0847499966621401 9.4591999053955096 -1.5400499701499937 22.073399543762211 0.50534999370574962 23.483249664306644
decision_type=2 2 2 2 2 2 2 2 2 2 2 2 2 2 2 2 2 2 2 2 2 2 2 2 2 2 2 2 2 2
left_child=1 3 7 5 6 17 16 10 9 -9 -2 -3 -13 -6 -15 -12 -4 -1 19 -19 21 23 24 -20 28 26 -25 -28 -22 -26
right_child=2 11 4 -5 13 -7 -8 8 -10 -11 15 12 -14 14 -16 -17 -18 18 20 -21 22 -23 -24 25 29 -27 27 -29 -30 -31
leaf_value=0.00023876848152594779 -0.012661047295700121 -0.0036279249025666024 -0.0040398173543740009 -0.0039890790874714142 -0.00089399483102310651 0.02466775110678331 -0.0391305974813708 0.0022636231825976664 -0.0010138771005309755 0.044040300215292233 0.0033555819496839064 -0.033885323606024906 -0.0059528998295001884 -0.010094756704093214 0.01814065509884839 -0.0055343334851380693 -0.029804888087292106 -0.015607662299126055 -0.0039940331529430715 -0.0019300280230647325 -0.010118953784354987 -0.016397828847394085 -0.0010181903996296633 -0.0056427017336418634 -0.0089891749459453298 0.010050451369190541 0.010242300905813871 0.00015951034060869099 -0.032026684683969568 0.0061274260088587662
leaf_weight=19946.388563379645 93.738814607262611 1721.1605706214905 270.05079579353333 1653.3029709160328 1438.1469111591578 33.483635365962982 20.319562256336212 32.075391426682472 64.291953697800636 45.840046554803848 4765.7336546927691 45.656895980238914 81.654944226145744 31.929486349225044 102.26523087918758 244.92568644881248 29.709907665848732 250.37757919728756 534.61296539008617 268.93420660495758 388.53012649714947 76.054474696516991 1511.0231876820326 321.62477472424507 176.42863892018795 407.6011039018631 365.1079439073801 535.62093584239483 49.042380794882774 159.04408513009548
leaf_count=80561 377 7164 1096 6768 5833 136 82 129 276 184 19468 194 344 133 420 995 120 1042 2145 1120 1618 305 6363 1290 732 1637 1462 2152 204 659
internal_value=-0.000163027 -0.000656592 0.00180894 -0.000390187 -0.00136803 -0.000152262 -0.00885931 0.0029549 0.0144652 0.0270887 0.00263146 -0.00449906 -0.0161561 0.000161627 0.0113975 0.00292002 -0.00668405 -0.000186503 -0.00186794 -0.0085418 -0.00110025 0.00121285 -0.00336889 0.00183891 -0.00795639 0.00375334 0.00164704 0.00425337 -0.0126418 -0.00182564
internal_weight=35664.7 28525.6 7139.03 26677.2 1892.42 25023.9 320.08 5246.61 142.207 77.9154 5104.4 1848.47 127.312 1572.34 134.195 5010.66 299.761 24990.4 5044 519.312 4524.69 2240.62 2284.07 2164.57 773.045 1629.95 1222.35 900.729 437.573 335.473
internal_count=145009 115896 29113 108194 7684 101426 1298 21429 589 313 20840 7702 538 6386 553 20463 1216 101290 20729 2162 18567 8991 9576 8686 3213 6541 4904 3614 1822 1391
is_linear=0
shrinkage=0.05


Tree=45
num_leaves=31
num_cat=0
split_feature=1 17 2 2 4 3 16 8 19 1 1 0 0 6 10 0 7 4 1 8 2 20 9 0 20 0 7 19 0 19
split_gain=15.8124 12.9888 7.89081 13.6377 11.3061 18.2236 8.45349 7.28987 7.16187 8.30182 11.1324 12.8909 9.3573 8.50973 6.86205 7.84916 7.20293 6.64217 6.57451 7.80176 13.7049 6.90939 6.78954 9.51467 9.99167 6.46295 6.42875 8.97099 8.34387 8.61386
threshold=29.114850044250492 1.0000000180025095e-35 2.1585500240325932 2.0924500226974492 6.5000000000000009 16.211649894714359 1.0000000180025095e-35 23.988450050354007 1.3633499741554262 5.5455498695373544 4.7276501655578622 1.2546499967575075 -9.504450321197508 7.9005498886108407 7.9355499744415292 8.9096503257751483 -2.5510500669479366 6.5000000000000009 3.7209500074386601 7.9136500358581552 1.7138499617576601 17.646749496459964 4.8300499916076669 -3.9157500267028804 11.121550083160402 -9.2820496559143049 -6.6050500869750968 -5.6375999450683585 -2.2129499912261958 5.4554500579833993
decision_type=2 2 2 2 2 2 2 2 2 2 2 2 2 2 2 2 2 2 2 2 2 2 2 2 2 2 2 2 2 2
left_child=1 2 3 6 14 -6 7 -1 -3 10 -10 12 -12 -14 15 -5 -17 -13 -8 -20 -21 22 23 -22 -25 -16 27 -4 -28 -30
right_child=-2 8 26 4 5 -7 18 -9 9 -11 11 17 13 -15 25 16 -18 -19 19 20 21 -23 -24 24 -26 -27 28 -29 29 -31
leaf_value=0.00078768063222532712 -0.011593966277260833 -0.0011012910961269566 -0.015820940744644414 -0.0076423425222455973 0.0010977950166516004 -0.014146056743761022 -0.031818060183474092 0.024434639444478181 -0.013166483539397889 -0.0091797443232369165 0.025580390448219067 0.051445133941535354 -0.020709771096710475 0.015700615889693799 -0.015330460347206282 0.016481234944542001 -0.015130242799645975 0.015453941181060735 -0.0038890463323410273 -0.01111273003809677 -0.010561810394932912 0.027774353014859712 -0.011886852849855396 0.052912897940254035 0.0041254491665620834 0.0064495104321465394 0.0056992446473216963 0.00013690943371594768 0.0026780827647265269 -0.0024073289343587248
leaf_weight=22071.483248949051 277.0464721173048 1921.171609967947 108.69979704916477 364.7741334438324 319.10849784314632 506.88307031989098 18.36564789712429 31.641292169690132 82.888395726680756 699.34429500997066 22.962016105651855 18.876880973577499 54.185831218957901 21.781525164842606 36.443633317947388 70.171423688530922 23.259231969714165 40.114285498857498 1436.1435043215752 77.779777377843857 22.084602445363998 59.188977494835854 33.438963025808334 21.002477332949638 20.41510097682476 381.35208028554916 1618.1354879438877 446.59708879888058 3753.2818540781736 1069.1767984330654
leaf_count=88874 1138 8255 442 1482 1283 2083 77 129 353 3013 98 80 231 93 149 285 94 171 5999 328 91 245 137 86 84 1540 6601 1812 15285 4341
internal_value=0.000283103 0.00037651 0.000660963 0.000252736 -0.00406966 -0.00826263 0.000562108 0.000822636 -0.00285246 -0.00642594 0.0015764 0.00934871 -0.00172366 -0.0102018 -0.000111141 -0.00433233 0.00853478 0.0276365 -0.00284694 -0.00250949 0.00594112 0.0144535 0.00611975 0.015639 0.0295293 0.00451761 0.00214832 -0.00300968 0.00259344 0.00155034
internal_weight=35627.8 35350.8 32489.4 25493.5 1701.99 825.992 23791.5 22103.1 2861.32 940.153 240.809 157.921 98.9294 75.9674 876.001 458.205 93.4307 58.9912 1688.42 1670.05 233.91 156.13 96.9411 63.5022 41.4176 417.796 6995.89 555.297 6440.59 4822.46
internal_count=144879 143741 131447 102966 6916 3366 96050 89003 12294 4039 1026 673 422 324 3550 1861 379 251 7047 6970 971 643 398 261 170 1689 28481 2254 26227 19626
is_linear=0
shrinkage=0.05


Tree=46
num_leaves=31
num_cat=0
split_feature=18 8 17 6 0 2 2 5 1 0 0 5 9 2 1 0 9 20 9 9 5 19 6 10 2 7 1 19 0 0
split_gain=10.6521 8.23043 7.04165 6.5229 6.46951 6.42755 6.50306 6.97621 6.14112 6.11763 7.80817 5.99115 13.6308 10.2911 7.44863 6.20974 7.73549 6.42947 6.15031 9.84005 9.30789 8.8648 8.78816 8.76898 11.313 10.2637 8.74453 5.97668 5.92258 7.45923
threshold=1.0000000180025095e-35 7.900249958038331 1.0000000180025095e-35 10.928699970245363 -3.2264499664306636 2.2433500289916997 1.5563499927520754 -2.7667499780654903 7.3286499977111825 -0.61775001883506764 0.30194999277591711 3.2067500352859502 5.384049892425538 1.584649980068207 10.722050189971926 1.3112500309944155 5.6250500679016122 3.8932499885559086 4.0425500869750985 4.4295499324798593 3.3105499744415288 7.6345500946044931 7.8996500968933114 7.9065499305725107 1.6384499669075014 -3.6606000661849971 7.3771500587463388 5.5429000854492196 9.2504000663757342 7.7476501464843759
decision_type=2 2 2 2 2 2 2 2 2 2 2 2 2 2 2 2 2 2 2 2 2 2 2 2 2 2 2 2 2 2
left_child=2 8 11 5 -3 6 7 -4 -2 -6 -11 -1 14 -14 18 16 17 -15 20 22 -13 23 -20 24 -21 -25 -26 -22 29 -8
right_child=1 4 3 -5 9 -7 28 -9 -10 10 -12 12 13 15 -16 -17 -18 -19 19 21 27 -23 -24 25 26 -27 -28 -29 -30 -31
leaf_value=0.00021365133945880165 0.018218719293714786 0.016705085399397399 0.014567456281762868 -0.0075052441320844132 -0.0060429764367178106 -0.016896876166865592 0.0002127394920506118 -0.010068454399793991 0.0011202481525552201 0.025242189989858561 0.0048088645206395188 0.024552301718036421 -0.01045524443146067 -0.01708725038922089 0.015575795904158394 0.0024392178455904735 0.031883686732345644 0.017806374622994513 -0.051359787183962252 0.026287097306767038 0.0004012687845706066 0.020710713760450271 -0.016759308381204461 -0.029389208811625045 0.0040230233042940411 -0.0068436605384597088 -0.027194457738362789 -0.025322351302574327 0.0082858593443305671 -0.011357099095355226
leaf_weight=29497.044570282102 53.15226811170578 168.14855529367924 31.084897994995117 529.62724997103214 94.596503809094429 63.792319744825363 1621.5208521485329 283.23431964218616 1744.5547511130571 55.625899240374565 272.71076610684395 28.575268894433975 86.814111620187759 19.866392329335213 30.117982044816017 138.67828637361526 52.896075800061226 35.095680058002472 25.791041776537895 29.569723218679428 77.822219699621201 23.104140594601631 63.880834028124809 91.672924801707268 54.158156931400299 112.65929536521435 37.034274995326996 30.793210476636887 199.45779393613338 151.39901000261307
leaf_count=119069 238 717 135 2349 403 273 6926 1212 7197 236 1158 116 352 80 124 559 213 142 105 120 319 94 260 370 218 458 149 126 849 645
internal_value=9.61115e-05 0.00332063 -0.000135184 -0.00249776 0.00843389 -0.00136674 -0.000926292 -0.00759359 0.00163564 0.00511381 0.00833676 8.84616e-05 -0.00384217 0.00426851 -0.00830944 0.00947455 0.0184147 0.00511389 -0.00958526 -0.0124738 -0.000342346 -0.00862273 -0.0271676 -0.0107646 -7.25155e-05 -0.0170525 -0.00881221 -0.00705603 0.000139522 -0.000781116
internal_weight=35704.5 2388.79 33315.7 2880.12 591.082 2350.49 2286.7 314.319 1797.71 422.933 328.337 30435.6 938.53 333.351 605.179 246.536 107.858 54.9621 575.061 437.87 137.191 348.199 89.6719 325.094 120.762 204.332 91.1924 108.615 1972.38 1772.92
internal_count=145212 9949 135263 12389 2514 10040 9767 1347 7435 1797 1394 122874 3805 1346 2459 994 435 222 2335 1774 561 1409 365 1315 487 828 367 445 8420 7571
is_linear=0
shrinkage=0.05


Tree=47
num_leaves=31
num_cat=0
split_feature=17 6 8 0 10 3 3 5 10 5 5 1 2 0 5 20 0 3 20 3 1 7 3 3 7 2 1 1 0 3
split_gain=9.76502 7.13432 11.1275 8.09973 7.55817 8.58587 7.94303 7.75976 12.4218 7.77619 7.69573 6.96477 6.99968 7.76855 8.00976 7.30336 6.94175 9.61014 7.01286 7.28141 7.00065 15.831 9.95452 11.6953 12.7649 9.25838 8.56404 7.73294 8.08489 7.06195
threshold=1.0000000180025095e-35 7.9696500301361093 23.572199821472172 11.582100391387941 7.8994500637054452 27.858200073242191 10.448249816894533 2.4926500320434575 21.907850265502933 0.1066500023007393 1.8787500262260439 29.114850044250492 1.5679499506950381 9.5283999443054217 0.0080500002950429934 3.4417500495910649 -8.670099735260008 13.583099842071535 18.309849739074711 37.146549224853523 6.22344994544983 -6.359449863433837 9.7776503562927264 34.163749694824226 -3.4162499904632564 1.5471499562263491 6.0531499385833749 6.6920499801635751 1.0000000180025095e-35 11.669250011444094
decision_type=2 2 2 2 2 2 2 2 2 2 2 2 2 2 2 2 2 2 2 2 2 2 2 2 2 2 2 2 2 2
left_child=1 2 -1 4 5 10 -6 9 -9 11 -3 12 -8 14 -14 -16 17 -2 19 -18 25 -22 27 -24 -25 -20 29 28 -23 -27
right_child=16 3 -4 -5 6 -7 7 8 -10 -11 -12 -13 13 -15 15 -17 18 -19 20 -21 21 22 23 24 -26 26 -28 -29 -30 -31
leaf_value=0.00075870462389140926 -0.021894533810541243 -0.042881268133789376 0.01775543761094767 0.013842734811686415 0.0047568145699958611 0.0028709325186496207 -0.0072221205908135468 -0.0079655007953087567 0.017115118181867381 0.0016517578670657005 -0.0047349880186893789 -0.015230863045071208 -0.0005515608576543117 0.023948958132181893 -0.029607306538398204 -0.0056377363576665292 -0.003574130328299131 -0.0037448550616495271 0.037771057103824127 -0.026107073235449609 0.022984783384185487 -0.019145280686877889 -0.0089948680531153919 0.02571573433439301 -0.016721800926458193 -0.0031456156932734448 0.023320444241792637 0.040165215012942949 0.023846774569403813 0.010156794039059015
leaf_weight=25476.562245681882 103.74505034089088 32.541853472590446 95.662972956895828 90.246667742729187 558.0807631611824 38.549693048000336 514.89230346679688 703.36883221566677 52.160008952021599 2036.6327362954617 22.277377113699913 98.808239996433258 2843.1438964009285 30.076890349388123 41.877555698156357 125.43655917048454 1292.6288983225822 241.97884202003479 20.431362569332123 35.911268159747124 56.792475774884224 20.854173332452774 518.943976983428 52.219722047448158 25.732770010828972 267.17766351997852 50.947752684354782 19.217923507094383 20.900254175066948 157.92612667381763
leaf_count=102927 445 132 389 366 2248 156 2114 2862 210 8282 91 409 11588 122 168 513 5580 1042 87 157 244 89 2254 220 108 1138 217 82 89 669
internal_value=0.000186157 0.000431786 0.000822979 -0.000959835 -0.00114997 -0.0152062 -0.000960457 -0.00145608 -0.00621366 -0.000823471 -0.027742 -0.00220308 -0.00183684 -0.000922812 -0.00117917 -0.0117774 -0.00260185 -0.00923866 -0.00169511 -0.00420239 0.0010564 -0.00211135 -0.00430945 -0.00628079 0.0116724 0.0056113 0.00415477 0.0147792 0.0024289 0.00180847
internal_weight=35645.7 32760.3 25572.2 7188.09 7097.85 93.3689 7004.48 6446.4 755.529 5690.87 54.8192 3654.24 3555.43 3040.53 3010.46 167.314 2885.41 345.724 2539.68 1328.54 1211.14 714.661 657.869 596.896 77.9525 496.483 476.052 60.9724 41.7544 425.104
internal_count=144998 132577 103316 29261 28895 379 28516 26268 3072 23196 223 14914 14505 12391 12269 681 12421 1487 10934 5737 5197 3086 2842 2582 328 2111 2024 260 178 1807
is_linear=0
shrinkage=0.05


Tree=48
num_leaves=31
num_cat=0
split_feature=18 19 19 9 1 20 8 5 0 8 8 2 20 3 3 3 2 7 2 20 19 1 20 20 10 10 1 2 0 3
split_gain=9.90955 8.79167 9.95079 9.68764 10.4823 9.61902 9.32654 10.6694 12.493 9.53151 9.02686 8.65759 12.9404 11.0378 8.87664 8.69147 12.2106 8.34575 8.31158 8.20424 8.13293 8.3197 8.08348 7.8646 9.23051 8.54221 8.31955 7.68922 8.222 7.44944
threshold=1.0000000180025095e-35 5.2292001247406015 -1.4535000324249265 2.4359500408172612 26.350049972534183 9.7837500572204608 8.9872498512268084 -2.1411499977111812 5.0006999969482431 8.7561497688293475 7.9000501632690439 1.9222499728202822 11.020299911499025 29.495849609375004 33.603549957275398 37.132751464843757 1.7463499903678896 -6.4304499626159659 2.1467499732971196 17.174150466918949 5.31785011291504 6.8040499687194833 18.686349868774418 17.295249938964847 7.8382999897003183 7.8737499713897714 7.0513000488281259 2.7382500171661381 9.9567503929138201 63.527648925781257
decision_type=2 2 2 2 2 2 2 2 2 2 2 2 2 2 2 2 2 2 2 2 2 2 2 2 2 2 2 2 2 2
left_child=1 2 3 -1 6 -3 7 8 22 -9 19 12 15 17 -15 16 -12 -13 -6 -7 -14 -22 -5 -21 -25 -26 -27 28 -8 -4
right_child=-2 5 29 4 18 10 27 9 -10 -11 11 13 20 14 -16 -17 -18 -19 -20 23 21 -23 -24 24 25 26 -28 -29 -30 -31
leaf_value=-0.0080339474315274644 0.0031846906249207024 -0.00017352209417016533 0.0013237833219080643 -0.0036284485425173065 -0.0037869676129339115 -0.00061125823803423072 0.0011992361504959328 -2.7977193091286307e-05 -0.040392594281014514 -0.022646465213311706 -0.0019062915012914171 -0.010738529490641156 -0.022966602411439729 -0.028931776357320884 -7.6026895930966928e-05 -0.028293575084583435 -0.029627968435308263 0.014525747134789643 -0.017728816259817443 -0.028708224849306487 -0.017192680775125046 0.00028433960327348026 -0.021167986886754843 0.021299817189055454 -0.038096598521261599 -0.0040031940917579544 -0.014476646150036375 0.012149608803945217 0.018020706891116837 -0.008897947197730724
leaf_weight=447.77423365414143 2396.1442359089851 5406.8143211901188 14127.6143630445 824.65525993704796 601.89654016494751 360.49079452455044 2176.8017077744007 5561.8574361354113 24.724360123276711 45.970719456672668 175.83300660550594 37.310796037316322 41.483152121305466 27.927863493561745 338.77630086243153 70.082477405667305 50.375434160232544 230.77358227968216 129.24031420052052 49.758550077676773 71.252003684639931 1182.9460952430964 70.465637519955635 24.476052969694138 24.06084893643856 455.30629804730415 325.29003171622753 192.49696339666843 74.160651952028275 179.53540466725826
leaf_count=1826 9989 21694 57385 3349 2445 1485 8802 22569 101 189 712 156 170 113 1389 282 205 961 536 211 303 4836 297 100 102 1936 1368 776 301 744
internal_value=7.96408e-05 -0.000143674 0.000345457 -0.000851891 -0.000519635 -0.00149179 -5.01553e-05 -0.00103651 -0.00602458 -0.000217399 -0.0035475 -0.00164253 -0.00361066 0.00329121 -0.00234636 -0.013019 -0.00818299 0.0109827 -0.00627226 -0.00696601 -0.00145082 -0.00072145 -0.00503128 -0.00956885 -0.00838705 -0.00931538 -0.00838063 0.00258424 0.0017612 0.0011949
internal_weight=35726.3 33330.2 24457.2 10150 9702.27 8872.96 8971.13 6527.67 919.845 5607.83 3466.14 2226.76 1591.97 634.789 366.704 296.291 226.208 268.084 731.137 1239.38 1295.68 1254.2 895.121 878.892 829.133 804.657 780.596 2443.46 2250.96 14307.1
internal_count=145332 135343 99320 41191 39365 36023 36384 26505 3747 22758 14329 9127 6508 2619 1502 1199 917 1117 2981 5202 5309 5139 3646 3717 3506 3406 3304 9879 9103 58129
is_linear=0
shrinkage=0.05


Tree=49
num_leaves=31
num_cat=0
split_feature=19 19 18 20 9 12 10 6 6 1 9 19 3 20 20 19 9 19 1 3 2 2 7 7 7 19 5 19 19 19
split_gain=10.8728 14.1882 15.2924 13.52 9.37959 8.94423 8.89955 7.29946 7.29535 7.27698 7.0896 7.0663 6.9171 6.65865 11.5867 8.63739 10.1131 9.54842 9.20102 8.93126 10.3408 8.51719 7.98059 11.3383 8.94542 7.35074 7.1722 7.60201 7.36462 7.09252
threshold=5.2292001247406015 -1.481949985027313 1.0000000180025095e-35 10.089149951934816 2.4184499979019169 1.0000000180025095e-35 7.9009499549865732 7.9000501632690439 23.349599838256839 22.524950027465824 6.5878500938415536 6.1190500259399423 35.474948883056648 4.0981500148773202 4.113150119781495 -0.11604999750852583 6.5878500938415536 1.2225499749183657 9.6199002265930194 47.668050765991218 1.3164499998092654 2.3076499700546269 -6.2952499389648429 -4.9267499446868888 -4.5187499523162833 1.2800999879837038 3.7730499505996709 0.93555000424385082 0.99414998292922985 -0.46475000679492945
decision_type=2 2 2 2 2 2 2 2 2 2 2 2 2 2 2 2 2 2 2 2 2 2 2 2 2 2 2 2 2 2
left_child=1 4 5 6 -1 -3 -4 -8 11 13 12 -2 -11 15 -15 16 18 26 19 22 -21 -16 -7 -24 -25 -19 27 -17 -29 -18
right_child=8 2 3 -5 -6 9 7 -9 -10 10 -12 -13 -14 14 21 17 29 25 -20 20 -22 -23 23 24 -26 -27 -28 28 -30 -31
leaf_value=-0.0082333604974424556 -0.0036068221176807041 -0.0017698906039901572 0.00034476575051708579 0.015459577042373291 -0.0006929054867005199 -0.0038738580164254439 0.020722175271420951 -0.0041440589199110414 -0.024072422756786973 0.0080453944902976211 -0.013560995665920856 -0.00060695956788119738 0.0022485792232922589 -0.026368099498007249 -0.001360327311110666 0.0037158543559512969 -0.0053270104471144358 -0.01412617969060582 -0.02315236991161574 0.017784214207210863 -0.013990707962062535 0.003678795104759461 0.013504824230837282 -0.0048013111238628028 0.0051630098511681244 0.0010409240401920148 0.024784254973402101 0.023842396016057379 0.0077962313411694814 -0.026894145604085398
leaf_weight=428.58206425607204 2780.5837463736534 2500.107611194253 553.58800704777241 336.13782414793968 10326.638578370214 375.39101113379002 109.06656874716282 39.92221537232399 34.903421089053154 857.8427452892065 54.360736161470413 6672.6941918879747 1286.8499100804329 41.622442215681076 3579.0056440979242 1602.3724021464586 148.14539520442486 89.002628237009048 37.982653796672821 29.617337703704834 158.3780672699213 1094.0377001166344 269.62933601438999 328.52618455886841 711.12497076392174 709.78859676420689 47.487324088811874 90.055009469389915 342.85751616954803 50.67109252512455
leaf_count=1750 11308 10303 2279 1447 41980 1503 458 170 143 3483 219 27137 5167 167 14773 6423 593 357 154 121 639 4400 1080 1316 2849 2846 192 361 1375 203
internal_value=-0.000125093 0.000400129 0.00137111 0.00722741 -0.000994121 0.000948353 0.00327248 0.014076 -0.00157523 0.00151931 0.00411572 -0.00148963 0.00456988 0.000930667 -0.000416788 0.00220334 -0.000227784 0.00398252 0.000891073 0.00139083 -0.00891718 -0.00018005 0.00254573 0.00438788 0.00201273 -0.000664569 0.00576425 0.00530852 0.0111814 -0.0109308
internal_weight=35687 26198.8 15443.6 1038.71 10755.2 14404.9 702.577 148.989 9488.18 11904.7 2199.05 9453.28 2144.69 9705.7 4714.67 4991.03 2109.47 2881.56 1910.65 1872.67 187.995 4673.04 1684.67 1309.28 1039.65 798.791 2082.77 2035.28 432.913 198.816
internal_count=145196 106608 62878 4354 43730 58524 2907 628 38588 48221 8869 38445 8650 39352 19340 20012 8458 11554 7662 7508 760 19173 6748 5245 4165 3203 8351 8159 1736 796
is_linear=0
shrinkage=0.05


Tree=50
num_leaves=31
num_cat=0
split_feature=17 19 7 2 2 19 2 2 7 9 9 3 6 19 8 5 8 0 2 1 20 7 5 5 9 1 7 4 2 19
split_gain=9.61573 6.66304 9.22835 6.78085 9.41877 6.95382 7.46235 6.94702 7.01709 6.67403 14.1495 10.9392 9.40491 6.56947 9.58804 10.6799 8.53788 9.31812 7.23349 8.32251 11.1537 9.47967 7.89461 7.4074 6.69657 7.07375 6.68883 7.20147 6.62434 6.53003
threshold=1.0000000180025095e-35 5.1433501243591317 -6.7784500122070304 2.2712500095367436 2.0924500226974492 1.4777500033378603 2.127349972724915 1.5016500353813174 -6.7964501380920401 6.1282501220703134 6.2426500320434579 17.38649940490723 7.9000501632690439 -1.3353499770164488 17.230350494384769 -3.2985500097274776 17.230350494384769 -3.3585499525070186 7.3897500038146982 15.410850048065187 4.5167498588562021 -3.4984500408172603 1.0782499909400942 -0.2987499982118606 2.9629499912261967 16.09899997711182 -4.3953499794006339 9.5000000000000018 3.3224500417709355 -6.214550018310546
decision_type=2 2 2 2 2 2 2 2 2 2 2 2 2 2 2 2 2 2 2 2 2 2 2 2 2 2 2 2 2 2
left_child=1 3 -3 4 7 6 9 8 -1 -6 -11 -12 -13 16 18 -16 24 -18 19 -15 21 22 26 -20 -5 -26 27 -21 -17 -10
right_child=-2 2 -4 13 5 -7 -8 -9 29 10 11 12 -14 14 15 28 17 -19 23 20 -22 -23 -24 -25 25 -27 -28 -29 -30 -31
leaf_value=-0.029031704788486976 -0.002751969793437269 0.0061729734474124968 -0.0012615591232163917 -0.008990813408083732 -0.010606342124774987 0.013412659688791035 -0.0012099688196403552 0.0011050042584361715 -0.0059940466149853659 0.035722538259430579 0.01246763128662607 -0.027573890026762329 0.0014656372877947469 0.0058540376970764967 -0.034388424718246852 0.002290212024633074 -0.012582999952638266 0.01578560765503647 0.032613774485646306 -0.035842703080449595 0.0057592112073317405 0.012311395834711893 -0.0027405139090007102 0.0063838194203693095 0.0014035976284809666 -0.011497293649915617 -0.054715133858799669 0.0032094795338993109 -0.019771166042913599 -2.1470965215930815e-05
leaf_weight=22.349346652626991 2874.611432030797 437.8987645804882 8528.1045545190573 223.3915131688118 497.50971278548241 63.22838681936264 1414.9041772335768 14842.575709283352 605.84279951453209 23.676115721464157 59.045544251799583 58.604231953620911 52.206143096089363 1813.9123169034719 26.289073377847672 203.17675065994263 35.052819043397903 149.32353410124779 46.624112337827682 27.73850916326046 158.46998555958271 27.141622826457024 40.218120336532593 63.340692490339279 1266.0113874673843 114.98247852921486 19.74047839641571 19.775865808129311 39.836776852607727 1861.4954836219549
leaf_count=91 12394 1766 34484 909 2026 256 5741 59921 2455 96 237 239 212 7423 106 817 141 602 195 112 655 110 163 265 5185 466 80 80 161 7547
internal_value=2.01831e-05 0.00026364 -0.000897809 0.000701637 0.000306239 -0.00279909 -0.00329196 0.000695017 -0.00174864 -0.00754692 0.000331974 -0.0047813 -0.0140017 0.00250483 0.00416683 -0.00472881 0.000193726 0.0103535 0.00524907 0.00459122 -0.00321771 -0.01375 -0.0203845 0.0176988 -0.000979561 0.000321919 -0.0307407 -0.0198577 -0.00139247 -0.00148984
internal_weight=35617.1 32742.5 8966 23776.5 19501.4 2169.17 2105.95 17332.3 2489.69 691.042 193.532 169.856 110.81 4275.03 2486.26 269.303 1788.76 184.376 2216.96 2107 293.085 134.615 107.473 109.965 1604.39 1380.99 67.2549 47.5144 243.014 2467.34
internal_count=144935 132541 36250 96291 78821 8807 8551 70014 10093 2810 784 688 451 17470 10167 1084 7303 743 9083 8623 1200 545 435 460 6560 5651 272 192 978 10002
is_linear=0
shrinkage=0.05


Tree=51
num_leaves=31
num_cat=0
split_feature=6 4 20 8 3 0 19 19 5 5 10 3 7 9 0 20 19 3 19 3 19 20 7 9 10 7 1 20 19 19
split_gain=9.09953 8.87776 11.6367 9.60381 12.5844 9.93901 9.56038 10.2432 9.55809 9.4096 9.3492 9.1505 10.7684 10.6493 10.2301 8.97882 9.04005 8.02936 7.90577 7.19163 10.0923 7.06053 6.73303 8.32099 6.66071 6.61542 9.1638 13.2037 6.60645 6.56693
threshold=7.9093499183654794 5.5000000000000009 17.205349922180179 7.9635500907897958 24.781900405883793 6.5136001110076913 5.2292001247406015 -5.3668498992919913 2.1244499683380131 -2.2470500469207759 7.7459499835968026 37.132751464843757 -5.3079500198364249 3.2156000137329106 -8.8601999282836896 17.960749626159672 -1.1612499952316282 10.11455011367798 -6.3048501014709464 50.924098968505866 6.0743498802185067 10.655350208282472 -6.374650001525878 6.6208500862121591 16.304150581359867 -5.834049940109252 25.737750053405765 17.234799385070804 -6.6170499324798575 -1.2488500475883482
decision_type=2 2 2 2 2 2 2 2 2 2 2 2 2 2 2 2 2 2 2 2 2 2 2 2 2 2 2 2 2 2
left_child=1 11 3 -3 9 -6 7 8 17 -5 -9 15 13 14 -13 -1 29 22 -19 24 -21 -11 -4 -24 -14 -15 -27 -28 -10 -17
right_child=-2 2 6 4 5 -7 -8 10 28 21 -12 12 19 25 -16 16 -18 18 -20 20 -22 -23 23 -25 -26 26 27 -29 -30 -31
leaf_value=0.0015983997406073458 -0.0013762531125903628 0.00083633362549297152 0.021656480617598398 -0.023688182723217755 0.0021963082886024901 -0.017538599752980315 -0.0074864000603138085 0.022738634075659951 -0.0038320819865009011 -0.0077262494045282409 0.00052923330287084412 -0.032024428406407263 0.016100262697574003 -0.025814482277776163 0.0020653040279019772 0.0016658162712727765 0.0081133021419184572 -0.0071398618065043953 -0.020705511557090602 0.016668713655201152 -0.017264120087082339 0.021193346113086955 -0.0086956600393558094 0.025681232617994577 -0.00059035933492229556 -0.016055587089936544 0.036452375602410651 -0.0095119103553640387 0.017544176531287804 -0.025070999067028518
leaf_weight=4691.852990180254 8468.9738607257605 13862.126391798258 31.503643736243248 93.650004118680954 728.23896898329258 68.916274964809418 834.84647205471992 48.034150555729866 78.65450456738472 445.89447484910488 1410.8007110804319 22.716915294528008 61.337680473923683 79.093655556440353 304.38168720901012 558.38296614587307 1252.9325384348631 344.17668160796165 156.4027204811573 134.41776032745838 25.297461703419685 21.204860582947731 117.90934172272682 19.676667407155037 1452.7254418581724 140.77868321537971 22.726600110530853 44.908205777406693 65.427595108747482 22.949613139033318
leaf_count=18968 34706 55946 134 382 2971 283 3534 195 330 1802 5940 91 247 317 1221 2273 5115 1456 660 543 102 89 501 83 5829 565 91 180 274 94
internal_value=5.44967e-05 0.000500961 -0.000126174 0.000443156 -0.00356825 0.000470335 -0.00291396 -0.0012317 -0.00572263 -0.00930007 0.00127558 0.00180479 -0.000915462 -0.00656998 -0.000392609 0.00275864 0.00572393 -0.00823461 -0.0114112 0.00116354 0.0112201 -0.00637092 0.00118127 -0.00362946 9.59911e-05 -0.0135723 -0.00882524 0.00623905 0.00592888 0.000569071
internal_weight=35610.9 27142 18327.5 15220 1357.9 797.155 3107.43 2272.59 813.751 560.749 1458.83 8814.5 2288.38 614.606 327.099 6526.12 1834.27 669.669 500.579 1673.78 159.715 467.099 169.09 137.586 1514.06 287.507 208.413 67.6348 144.082 581.333
internal_count=144922 110216 74580 61473 5527 3254 13107 9573 3438 2273 6135 35636 9186 2465 1312 26450 7482 2834 2116 6721 645 1891 718 584 6076 1153 836 271 604 2367
is_linear=0
shrinkage=0.05


Tree=52
num_leaves=31
num_cat=0
split_feature=2 8 13 1 9 1 13 9 3 7 20 2 19 20 1 0 0 7 4 5 1 8 2 1 20 1 7 20 6 2
split_gain=7.96813 7.59557 12.2201 11.2791 9.81642 8.12405 7.81078 8.25543 7.78729 7.53111 6.78692 6.63628 6.75099 7.68838 7.20291 6.61539 6.79688 6.64566 7.74264 6.50889 6.09352 7.47754 7.60407 6.76766 5.98135 9.51555 6.48556 6.6949 8.26696 5.8128
threshold=3.9701999425888066 10.33675003051758 1.0000000180025095e-35 7.3040499687194833 4.1824500560760507 3.7209500074386601 1.0000000180025095e-35 3.7915500402450566 37.989648818969734 -4.2916500568389884 2.4771499633789067 1.5171499848365786 -0.55195000767707814 19.129850387573246 24.682049751281742 -6.6370501518249503 -6.2695500850677481 -2.6107499599456783 9.5000000000000018 -3.7576500177383418 8.1963000297546404 7.9003500938415536 2.1012500524520878 8.9349002838134783 3.1289499998092656 22.524950027465824 -5.6567499637603751 18.149950027465824 7.9926500320434579 1.5171499848365786
decision_type=2 2 2 2 2 2 2 2 2 2 2 2 2 2 2 2 2 2 2 2 2 2 2 2 2 2 2 2 2 2
left_child=1 2 5 4 -3 -1 10 8 -8 -9 -5 12 13 -12 15 -14 -17 18 24 -13 -4 -22 -23 -24 -18 26 -26 28 -28 -11
right_child=-2 3 20 6 -6 -7 7 9 -10 29 11 19 14 -15 -16 16 17 -19 -20 -21 21 22 23 -25 25 -27 27 -29 -30 -31
leaf_value=-0.018990663333772115 0.0027152936996760971 0.0030866903356234453 0.0005383657292732122 0.01652473879396529 -0.03371112210585845 -0.001761795437892697 0.038399139330772977 -0.0062053850334261029 0.0095718483417821781 0.019779927540739387 -0.0043696867554098547 -0.010680630990940267 0.013640799046626385 -0.029966347724994791 -0.01538690075294414 -0.026305856268587304 0.015461070833721316 0.028374434550021928 -0.028005869687374559 0.0018361762520172475 -0.014919294024347546 0.0079588814780310151 -0.018113323333912214 0.0081296599056081761 0.016100434322537997 0.0050935930440713173 -0.015730925746714027 0.0066028330038881118 0.017227699782084476 0.00197598818325135
leaf_weight=67.867211937904358 2550.0501745194197 30.984942272305489 13522.64413022995 68.368461325764656 42.141972541809082 10884.799293905497 36.965423360466957 113.23852987587452 63.690252602100372 83.658239096403122 739.36493547260761 104.75823898613453 106.02897188067436 29.594948574900627 63.076803967356682 22.107112094759941 66.974208906292915 20.884643480181694 22.218687608838081 5846.2863564640284 141.822883695364 125.88774117827415 76.86569732427597 35.190901070833206 27.613747090101242 391.58672055602074 205.4389940649271 55.173254728317261 20.137743607163429 100.53971372544765
leaf_count=288 10631 125 54136 275 170 45234 149 455 255 335 2979 424 426 119 253 89 269 85 92 23618 580 505 314 144 111 1571 827 223 81 404
internal_value=2.26785e-05 -0.000184739 -0.00062129 0.00112867 -0.018288 -0.00187028 0.0013043 0.00812676 0.0204322 0.00390797 0.000954632 0.000814644 -0.00187229 -0.00539246 0.000833907 0.00193972 0.000434213 0.00119553 0.000441244 0.00161408 0.000362756 -0.00587529 -0.000444883 -0.00987281 0.00130079 -7.42541e-05 -0.00663208 -0.00891719 -0.0127256 0.0101252
internal_weight=35666 33115.9 24855.1 8260.83 73.1269 10952.7 8187.71 398.092 100.656 297.436 7789.61 7721.25 1770.2 768.96 1001.24 938.164 832.135 810.028 789.143 5951.04 13902.4 379.767 237.944 112.057 766.925 699.95 308.364 280.75 225.577 184.198
internal_count=145167 134536 101201 33335 295 45522 33040 1598 404 1194 31442 31167 7125 3098 4027 3774 3348 3259 3174 24042 55679 1543 963 458 3082 2813 1242 1131 908 739
is_linear=0
shrinkage=0.05


Tree=53
num_leaves=31
num_cat=0
split_feature=8 20 1 0 20 0 5 5 3 20 8 1 19 0 2 20 1 0 5 2 19 20 8 10 4 7 19 10 7 20
split_gain=8.82189 10.1122 9.70569 8.90925 8.35071 7.28965 6.89569 6.58363 6.33004 7.8995 6.5389 7.23765 7.0011 6.6263 6.26063 6.61815 7.30326 8.88126 6.20374 7.86044 5.89694 7.14121 8.15586 8.32241 9.40162 10.4626 8.87792 10.8512 8.86383 9.21889
threshold=9.7345499992370623 11.785449981689455 29.114850044250492 -8.670099735260008 19.19435024261475 -9.504450321197508 -3.7576500177383418 3.5875500440597539 36.169649124145515 18.969850540161136 23.218750000000004 7.3812499046325692 0.40995000302791601 0.7040500044822694 1.205799996852875 18.340049743652347 28.132199287414554 8.9096503257751483 1.7138000130653384 1.7022500038146975 -7.5023498535156241 17.328299522399906 7.8936500549316415 7.8382999897003183 4.5000000000000009 -6.7606501579284659 7.497849941253663 7.8996500968933114 -5.1361999511718741 18.277950286865238
decision_type=2 2 2 2 2 2 2 2 2 2 2 2 2 2 2 2 2 2 2 2 2 2 2 2 2 2 2 2 2 2
left_child=1 2 -1 4 -3 -2 -7 8 9 14 -10 12 -12 -13 -8 18 17 -17 -16 -20 -5 -22 -23 -24 25 -25 28 -28 29 -26
right_child=5 3 -4 20 -6 6 7 -9 10 -11 11 13 -14 -15 15 16 -18 -19 19 -21 21 22 23 24 26 -27 27 -29 -30 -31
leaf_value=0.0001964886160335919 -0.017822815543129408 -0.009498983994078428 -0.015881166595005287 -0.0080199311598990186 0.014193330799766302 -0.0073356123202021652 0.032023200802899554 0.011247718497418617 -0.00010738420045701224 -0.0043352563641997546 0.03587904049494086 -0.0065725191954360222 0.001892103366245265 0.021643540611927997 0.0021612913329014248 0.0080667959984774881 -0.013449322010050654 0.033085825572634585 0.029021887848307462 0.0016988827977904781 -0.0068057295789471081 0.0050066104510264071 0.011539725786396103 -0.028378704538440293 -0.0044059097705563119 0.0025501123755145927 -0.035218347757211992 -0.0067417086151367548 -0.0041649645023433494 0.010503731536858794
leaf_weight=20761.838516756892 47.933699041604996 568.16311500966549 93.295127511024475 330.3420113325119 38.921116128563881 213.10565972328186 18.382559299468994 177.6601976454258 4340.9725023806095 335.61121878027916 39.29102286696434 71.244837954640388 24.472182810306549 28.230503991246223 2954.8680201023817 508.19510960578918 35.035522192716599 37.305271163582802 48.502908736467361 56.497171819210052 496.44109074771404 585.07969138026237 120.66363188624382 26.988692477345467 186.02720473706722 1191.8541252315044 45.318900927901268 122.88499900698662 1890.7665528804064 231.97966210544109
leaf_count=83899 194 2428 385 1399 166 868 74 717 17439 1370 160 288 99 115 12002 2078 142 152 197 230 2090 2464 493 113 786 5010 194 522 7995 976
internal_value=6.4261e-05 -0.000391027 0.000123807 -0.00223069 -0.00795919 0.00142383 0.00152961 0.00174818 0.00154829 0.00299708 0.000263109 0.0100562 0.0230656 0.00157074 0.00367065 0.00351873 0.00840925 0.00983519 0.00258843 0.014475 -0.00156414 -0.00112718 -0.000485311 -0.00132833 -0.00175147 0.00184256 -0.00352 -0.0145769 -0.00270849 0.00387376
internal_weight=35627.9 26690.6 20855.1 5835.43 607.084 8937.31 8889.37 8676.27 8498.61 3994.4 4504.21 163.239 63.7632 99.4753 3658.79 3640.4 580.536 545.5 3059.87 105 5228.35 4898 4401.56 3816.48 3695.82 1218.84 2476.98 168.204 2308.77 418.007
internal_count=145045 108920 84284 24636 2594 36125 35931 35063 34346 16245 18101 662 259 403 14875 14801 2372 2230 12429 427 22042 20643 18553 16089 15596 5123 10473 716 9757 1762
is_linear=0
shrinkage=0.05


Tree=54
num_leaves=31
num_cat=0
split_feature=18 8 5 3 10 4 19 2 9 5 20 10 8 10 3 6 2 20 8 0 2 19 19 0 20 3 19 19 19 9
split_gain=8.74407 7.74508 9.03931 7.9961 7.74988 8.07005 7.00932 8.41855 6.62465 10.6594 6.45357 6.45002 6.41551 9.18689 10.6279 8.6003 8.51997 8.0383 7.37863 11.6717 7.73283 8.11928 7.60102 7.34889 6.90293 13.2642 6.74802 6.17901 11.3834 6.20808
threshold=1.0000000180025095e-35 9.7345499992370623 2.8367500305175786 29.083749771118168 8.3891000747680682 6.5000000000000009 -0.26174999773502344 1.6244500279426577 5.5935499668121347 3.0513499975204472 2.8655500411987309 7.8382999897003183 7.8889498710632333 7.9000501632690439 7.8938500881195077 11.332250118255617 1.839450001716614 3.3651499748229985 7.9086499214172372 -9.2820496559143049 1.4453499913215639 1.2225499749183657 0.69865000247955333 -9.504450321197508 19.2900505065918 13.449500083923342 -7.4554500579833975 -6.8364500999450675 -0.55195000767707814 4.714750051498414
decision_type=2 2 2 2 2 2 2 2 2 2 2 2 2 2 2 2 2 2 2 2 2 2 2 2 2 2 2 2 2 2
left_child=1 3 -3 4 11 6 -6 -8 9 -4 -11 -1 16 15 -15 17 -13 18 20 -20 -14 22 -22 -17 -19 -26 -25 -18 -29 -30
right_child=-2 2 8 -5 5 -7 7 -9 -10 10 -12 12 13 14 -16 23 27 24 19 -21 21 -23 -24 26 25 -27 -28 28 29 -31
leaf_value=0.0087819758165053052 0.00279503331910241 0.00058930723328314439 0.021100747230953416 -0.0024144534649659091 -0.0097140289728636087 -0.013177894182333883 -0.019687401757754255 0.010849441755601624 0.021557869689958414 -0.017258572809605195 0.0038009636134494549 0.0012111018899511768 -0.019632840059365202 0.016644447366416348 0.00091414645818591901 -0.027142042151094715 -0.010595679751275254 -0.0020714632049972925 0.027064203245328822 -0.010827749069924017 0.0029242671573865941 -0.0013955913135768371 0.01363075545943743 -0.023386607323726341 -0.0024435789484385001 0.047743346793055086 -0.0039916840997990827 0.030360865243931258 0.010332953850828738 -0.017371517792300513
leaf_weight=200.46520262956619 2394.0606868565083 8526.282028272748 77.197210982441902 5799.243457108736 122.56580884754658 233.48474858701229 25.920712172985077 140.12903121113777 75.82434655725956 43.996352627873421 188.94137433171272 1665.8867230266333 40.946969538927078 108.86825054883957 4748.2728777676821 39.507093921303749 28.58140866458416 6879.2064371854067 21.428507208824158 219.79333588480949 1787.0377087593079 1130.2825087457895 181.87723881006241 47.0157480686903 36.947157144546509 19.3763827085495 695.92814692854881 70.219694703817368 132.47250996530056 22.899497747421265
leaf_count=812 10004 34449 312 23795 497 962 105 568 306 177 763 6759 164 441 19310 162 116 28094 86 889 7150 4522 728 193 157 82 2853 285 538 93
internal_value=-0.000123014 -0.000332814 0.000928592 -0.0007936 -0.000288111 -0.00628783 -0.000687634 0.00599326 0.00840289 0.0051277 -0.000233449 -0.000114489 -0.000214739 -0.000543358 0.00127008 -0.00133697 0.00251508 -0.000953349 0.00104525 -0.00736385 0.00169337 0.00198137 0.00391969 -0.00638749 -0.00192776 0.0153534 -0.00524884 0.0110233 0.013797 0.00616475
internal_weight=35704.7 33310.6 8912.24 24398.4 18599.1 522.1 288.616 166.05 385.959 310.135 232.938 18077 17876.5 15956.5 4857.14 11099.3 1920.06 10316.9 3381.37 241.222 3140.14 3099.2 1968.91 782.451 6935.53 56.3235 742.944 254.173 225.592 155.372
internal_count=145372 135368 36007 99361 75566 2132 1170 673 1558 1252 940 73434 72622 64831 19751 45080 7791 41872 13539 975 12564 12400 7878 3208 28333 239 3046 1032 916 631
is_linear=0
shrinkage=0.05


Tree=55
num_leaves=31
num_cat=0
split_feature=19 2 2 19 20 6 20 7 3 0 7 5 9 20 3 2 7 9 2 10 5 5 2 20 5 3 3 7 20 20
split_gain=7.86576 13.2138 8.90098 8.55957 8.16444 8.65604 8.88999 8.02773 7.26191 7.26001 7.28528 8.40166 7.28032 7.08607 8.36026 8.64631 9.0743 9.68137 7.19468 7.04636 6.94835 7.00577 8.80149 6.90462 8.91317 10.0644 12.8937 9.19917 8.03798 6.85046
threshold=-1.3353499770164488 2.1645499467849736 2.0782500505447392 1.1933500170707705 18.813099861145023 22.80004978179932 18.750349998474125 -6.1011500358581534 42.142799377441413 -11.240250110626219 -6.8892500400543204 0.0490499995648861 2.7130500078201298 18.718850135803226 8.2081499099731463 1.6756500005722048 -6.4950499534606925 3.0228500366210942 1.651950001716614 7.886549949645997 -0.16774999350309369 -0.25845000147819513 2.0969499349594121 3.2246500253677373 3.7730499505996709 46.507200241088874 49.489200592041023 -5.6142499446868888 3.0529500246047978 2.4771499633789067
decision_type=2 2 2 2 2 2 2 2 2 2 2 2 2 2 2 2 2 2 2 2 2 2 2 2 2 2 2 2 2 2
left_child=13 2 3 -2 5 6 19 9 -3 -4 -11 20 -13 29 -15 16 -16 -18 -19 -5 21 22 -12 24 25 27 -27 -21 -29 -1
right_child=1 8 7 4 -6 -7 -8 -9 -10 10 11 12 -14 14 15 -17 17 18 -20 23 -22 -23 -24 -25 -26 26 -28 28 -30 -31
leaf_value=-0.009425111661471447 0.0010857119626800514 0.0035925002849657378 -0.023892830535196596 -0.0060781539034626426 -0.0068604272790683089 -0.01956485802485556 0.01764058563384141 -0.0059201326426178945 -0.0010464448381734509 -0.024249850799207835 0.039400182952457848 -0.030544627289364409 0.00046885201767391866 0.018666809355332842 -0.031031417727318562 -0.011268960881735769 0.027490087882348024 -0.0042481841114977957 0.020818969200213009 0.0063894167031327935 0.022432346126604899 -0.010889112410620454 0.0041969422622588131 -0.0011717158117185893 -0.021380354800096563 0.049008661829729495 0.0074511699605353367 -0.0034373052498069562 0.0074417517883319535 -0.00081064095283364538
leaf_weight=235.08046570420265 8795.5145195424557 3798.3849325180054 24.578295588493347 570.56313538551331 577.22195316851139 59.459612891077995 65.432727515697479 1224.9806497246027 1083.9230567365885 21.314320474863052 21.795220553874969 21.038173317909241 133.66592909395695 32.624229148030281 22.117946922779083 460.31574630737305 31.021173506975174 257.91110399365425 31.187192812561989 694.71587441861629 84.634570851922035 48.771602421998978 81.684272885322571 5755.1390789747238 37.735222831368446 24.621402278542519 70.510624691843987 786.70762060582638 215.45600320398808 10309.708450689912
leaf_count=944 35779 15581 101 2308 2410 245 273 5024 4366 87 89 87 546 138 93 1927 129 1059 128 2781 347 200 334 23442 155 99 288 3151 863 41895
internal_value=-0.00027096 0.000238885 -0.000348574 -1.90989e-05 -0.00111617 -0.000714957 -0.000576258 -0.00384503 0.0025626 0.00196566 0.0035589 0.00513045 -0.00391775 -0.001355 -0.00578562 -0.00680162 -0.000777641 0.0014028 -0.00148156 -0.00072456 0.0110312 0.00458847 0.0119177 -0.000321094 0.00235356 0.00286498 0.0186047 0.00197213 -0.00109332 -0.00100356
internal_weight=35577.8 24197.8 19315.5 17653.1 8857.56 8280.34 8220.88 1662.46 4882.31 437.482 412.904 391.59 154.704 11380 835.177 802.553 342.237 320.119 289.098 8155.45 236.886 152.251 103.479 7584.89 1829.75 1792.01 95.132 1696.88 1002.16 10544.8
internal_count=144869 98556 78609 71794 36015 33605 33360 6815 19947 1791 1690 1603 633 46313 3474 3336 1409 1316 1187 33087 970 623 423 30779 7337 7182 387 6795 4014 42839
is_linear=0
shrinkage=0.05


Tree=56
num_leaves=31
num_cat=0
split_feature=1 3 5 2 2 0 8 8 0 19 1 8 8 7 2 8 3 19 2 2 1 19 19 1 8 7 7 7 5 19
split_gain=7.15005 7.47309 6.52722 9.80945 7.73412 10.2783 5.8605 6.66875 6.15216 6.03298 5.78226 5.58595 5.55902 5.49742 5.33158 5.65136 10.0627 5.4151 5.33272 6.23093 5.88713 5.18494 12.3262 9.12305 8.05156 6.71095 8.38046 10.8929 9.92036 8.41999
threshold=28.316800117492679 37.139450073242195 -2.1954499483108516 1.4536499977111819 1.6728499531745913 0.75670000910758983 7.8823499679565439 7.8969500064849862 1.6289499998092654 -6.52304983139038 5.8801498413085946 8.2183499336242694 7.8993501663208017 -2.150050044059753 1.8813499808311465 7.8929500579833993 32.122350692749031 1.4476500153541567 1.7463499903678896 1.7168499827384951 7.3391499519348153 1.0516499876976015 0.93555000424385082 5.0913500785827646 7.8814499378204355 -6.7271499633789054 -5.9193501472473136 -6.2782499790191642 0.14105000346899035 -1.1612499952316282
decision_type=2 2 2 2 2 2 2 2 2 2 2 2 2 2 2 2 2 2 2 2 2 2 2 2 2 2 2 2 2 2
left_child=2 -2 4 10 6 11 9 8 -8 -1 -4 -6 -9 -12 15 17 18 -7 19 -17 -20 22 25 -24 -23 -5 27 -27 -29 -30
right_child=1 -3 3 21 5 14 7 12 -10 -11 13 -13 -14 -15 -16 16 -18 -19 20 -21 -22 24 23 -25 -26 26 -28 28 29 -31
leaf_value=-0.031048866846994667 -0.0031960189705985452 -0.019984024406736675 0.016255026718920731 -0.0034380171276897492 0.0015629481844412485 0.0082746506774072966 0.0047031110705145112 -0.018933762056189463 0.022005442650987906 -0.0033766335863671068 -0.0038998098918738636 -0.0040931891530729429 0.0017026473789345802 0.015435163659761759 -0.0036229652971275002 -0.019559120981576167 -0.0040873567198637852 -0.016842711665455524 -0.020255792992985775 0.0072152294228781562 -0.047898541154658338 0.0067782415473751842 0.031402380992405152 0.0070701300227337689 -0.00054103910004690207 0.0016441475469349291 0.00063015390167942247 0.041366949319268438 0.0024720043044471232 0.012338272634653091
leaf_weight=22.050436824560165 613.73871836066246 73.413178458809853 36.821377456188202 828.00608667731285 1327.488834798336 73.077635869383812 158.17763218283653 32.759575992822647 75.642717108130455 137.75030086934566 1785.3869258910418 649.13817128539085 979.97938613593578 36.569756671786308 1122.6770522147417 54.808923989534378 214.80650922656059 29.212502002716064 128.45359398424625 34.898054510354996 22.730477064847946 389.84910824894905 41.939037680625916 388.45488208532333 9717.275029912591 2236.0855351984501 13454.076982095838 21.023543059825897 439.19176714122295 426.19356091320515
leaf_count=90 2530 294 149 3381 5428 297 644 134 308 560 7285 2657 4022 150 4574 223 884 119 524 142 93 1582 170 1584 39526 9109 54704 86 1793 1736
internal_value=3.10281e-05 -0.00501603 0.000130643 0.000412661 -0.00152886 -0.0027404 0.00162151 0.00277843 0.0103704 -0.00736439 -0.00310354 -0.000295697 0.00101709 -0.00350347 -0.00561373 -0.00960553 -0.0119849 0.0010079 -0.0189813 -0.00917857 -0.0246993 0.00064667 0.00115938 0.00950844 -0.000258079 0.000952382 0.00117188 0.00350509 0.00819243 0.00733967
internal_weight=35551.7 687.152 34864.5 29800.9 5063.65 3657.29 1406.36 1246.56 233.82 159.801 1858.78 1976.63 1012.74 1821.96 1680.66 557.988 455.698 102.29 240.891 89.707 151.184 27942.1 17835 430.394 10107.1 17404.6 16576.6 3122.49 886.409 865.385
internal_count=144778 2824 141954 121255 20699 14941 5758 5108 952 650 7584 8085 4156 7435 6856 2282 1866 416 982 365 617 113671 72563 1754 41108 70809 67428 12724 3615 3529
is_linear=0
shrinkage=0.05


Tree=57
num_leaves=31
num_cat=0
split_feature=2 3 16 3 1 10 17 5 1 2 1 10 3 7 0 20 1 5 3 19 5 0 7 2 9 0 5 0 20 20
split_gain=9.06744 10.0053 9.27075 7.30201 7.20507 7.01257 5.71903 6.92293 6.92214 10.1566 8.04951 7.90096 8.14008 7.18796 7.5183 5.9681 10.2762 8.67934 6.59346 6.3445 6.08107 5.92587 5.65193 8.43754 5.63174 7.0071 6.41011 6.56653 5.9857 6.30224
threshold=2.3076499700546269 51.66044998168946 1.0000000180025095e-35 63.527648925781257 3.7209500074386601 22.802149772644047 1.0000000180025095e-35 3.4330499172210698 7.3574500083923349 1.8724499940872195 25.219200134277347 8.3891000747680682 16.356900215148929 -6.2606501579284659 0.8104500174522401 18.086050033569339 5.1838500499725351 0.098349999636411681 18.344449996948246 -0.64155000448226918 -0.34284999966621393 0.30194999277591711 -2.5643500089645381 2.0199500322341923 4.3179500102996835 -11.481649875640867 -2.6697499752044673 0.50534999370574962 19.001449584960941 17.991950035095218
decision_type=2 2 2 2 2 2 2 2 2 2 2 2 2 2 2 2 2 2 2 2 2 2 2 2 2 2 2 2 2 2
left_child=2 -2 5 4 -4 6 -1 8 11 10 -10 12 -8 -11 -15 16 -14 18 -17 -20 -18 -19 23 -16 25 -6 27 -26 29 -27
right_child=1 -3 3 -5 24 -7 7 -9 9 13 -12 -13 15 14 22 17 20 21 19 -21 -22 -23 -24 -25 26 28 -28 -29 -30 -31
leaf_value=-9.9269207498239254e-06 0.0019242552897525624 -0.020640166284724086 -0.028152139496202429 -0.023374968138672205 0.015285907905670394 0.013740187603443045 -0.0024490879787311655 0.018505482096967125 -0.0049655116969309111 0.0035668384618542702 0.014367702428158817 -0.024802118773697451 0.020231917389790157 -0.029116093695384496 0.016343416086964817 0.013722675998764221 0.0090195547009381486 0.01267701845056466 0.0099170005584400273 -0.017396500703648708 -0.014538729319269285 0.038513789836533995 -0.03095436389570614 -0.014670067069855684 0.031144481285165698 -0.0089463472470551683 -0.0015908539749306663 -0.0018881127341197218 -0.023711355991243254 0.0023009407710156307
leaf_weight=25039.150050878525 5691.6454522311687 48.560578182339668 27.6916883289814 45.315845787525177 34.872255325317383 88.853660330176353 1575.5541386902332 38.13234755396843 415.34838220477104 44.249950304627419 60.857203438878059 33.795371934771538 39.894608989357948 93.406736075878143 31.425143659114838 72.883029907941818 36.599664255976677 68.489811643958092 34.519991502165794 52.3162791877985 101.5898367613554 33.092724904417992 25.067435786128044 66.979012578725815 30.088653445243835 487.5671175122261 1101.4586676359177 28.944186165928841 51.169371798634529 166.68948850035667
leaf_count=100959 23277 201 117 200 147 356 6769 164 1811 199 262 146 171 421 142 311 159 293 148 224 439 140 112 305 125 2031 4581 121 219 700
internal_value=-9.0325e-05 0.0017298 -0.000439496 -0.00375037 -0.00327735 -0.000205579 -0.000250542 -0.00238306 -0.00267549 -0.00682647 -0.00246987 -0.00117896 -0.000770641 -0.0147316 -0.0184643 0.00523985 -0.00181489 0.0100364 0.00272903 -0.00654929 -0.00827931 0.0213873 -0.010237 -0.0047012 -0.00290035 -0.00630477 -0.000725058 0.0151867 -0.00739222 -0.00608166
internal_weight=35666.2 5740.21 29926 1973.8 1928.48 27952.2 27863.4 2824.2 2786.07 737.334 476.206 2048.74 2014.94 261.128 216.878 439.386 178.084 261.302 159.719 86.8363 138.19 101.583 123.472 98.4042 1900.79 740.298 1160.49 59.0328 705.426 654.257
internal_count=145250 23478 121772 8241 8041 113531 113175 12216 12052 3252 2073 8800 8654 1179 980 1885 769 1116 683 372 598 433 559 447 7924 3097 4827 246 2950 2731
is_linear=0
shrinkage=0.05


Tree=58
num_leaves=31
num_cat=0
split_feature=8 17 7 5 2 20 5 19 1 10 5 19 5 2 3 20 5 5 7 0 2 0 0 8 0 1 19 10 19 20
split_gain=8.91893 7.33344 7.97952 6.92478 6.01457 5.77429 5.68802 6.02067 5.44025 5.94513 7.64329 5.85096 7.14568 5.87916 5.42491 5.26947 8.66646 9.97313 5.56371 5.75941 5.41871 9.34699 6.06107 7.85672 8.9815 6.60871 5.50689 5.13518 5.10725 6.87098
threshold=7.3894000053405771 1.0000000180025095e-35 -2.2776499986648555 2.7979500293731694 2.1012500524520878 18.399749755859379 2.2612500190734868 6.9253499507904062 29.114850044250492 8.2941498756408709 -0.16774999350309369 -6.3975000381469718 -0.69185000658035267 1.9222499728202822 33.161399841308601 17.423950195312504 0.0080500002950429934 0.22195000201463702 -6.9287500381469718 10.076349735260012 2.0040500164031987 6.9740500450134286 3.5837500095367436 7.9000501632690439 1.4311000108718874 4.685349941253663 -1.5102500319480894 7.9003500938415536 -0.23224999755620954 18.21354961395264
decision_type=2 2 2 2 2 2 2 2 2 2 2 2 2 2 2 2 2 2 2 2 2 2 2 2 2 2 2 2 2 2
left_child=14 8 3 6 -5 -4 15 -8 -2 10 -10 -11 -13 -14 -1 16 -3 -18 -17 20 -20 22 23 25 28 -22 -23 -28 -25 -30
right_child=1 2 5 4 -6 -7 7 -9 9 11 -12 12 13 -15 -16 18 17 -19 19 -21 21 26 -24 24 -26 -27 27 -29 29 -31
leaf_value=0.0069122006314955454 0.00019061707178306519 -0.015950072074640605 0.00067588457652348159 0.01237464984447946 -0.013791338741040791 0.03842594842694888 -0.0076629636454872852 -0.03135094829925205 -0.025073778494654676 -0.024383156302071385 0.0039020610447823741 0.023251471407100849 -0.019514574777274498 0.005406698429611982 0.03436505230123385 0.023386649196052763 0.019968351204431255 -0.0092077538152927768 -0.0013526359046615569 0.0072320472859240511 0.0041283677840362465 -0.040742621425681885 0.012587407729613637 -0.0042123357669413674 -0.021058036857296788 -0.020515227398755248 0.0012330273469385949 -0.031593450788008674 -0.0021776745014939576 0.027883163140569531
leaf_weight=52.007756695151329 32427.883889108896 176.87634274363518 20.36409866809845 121.1305918097496 25.905127227306366 19.228479772806168 207.70011462271214 30.052220076322556 72.731033131480217 21.55075840651989 32.568960085511208 32.273537904024124 35.589100360870361 66.150337859988213 27.083034574985504 20.702333688735962 44.488606110215187 81.263326838612556 1501.8401706367731 153.52437841892242 34.830410808324814 28.108864679932594 45.511881530284882 62.203780516982079 36.890470430254936 118.58160817623138 27.935932815074921 19.679822400212288 33.115005120635033 43.199724286794662
leaf_count=211 131340 772 89 520 113 83 901 132 304 87 134 130 143 271 109 89 193 354 6481 659 150 123 198 271 163 520 123 85 145 187
internal_value=-4.20014e-05 -7.9556e-05 -0.00251014 -0.00282675 0.00770264 0.0195045 -0.00341003 -0.0107759 0.00013266 -0.00704522 -0.0161592 -0.000812187 0.00313081 -0.00341601 0.0166246 -0.00268484 -0.00884723 0.00119029 -0.00180395 -0.00206263 -0.00279702 -0.00760323 -0.00433177 -0.00670461 0.000532866 -0.0149297 -0.023508 -0.0127051 0.00639271 0.0149795
internal_weight=35621 35541.9 2853.13 2813.54 147.036 39.5926 2666.5 237.752 32688.7 260.864 105.3 155.564 134.013 101.739 79.0908 2428.75 302.628 125.752 2126.12 2105.42 1951.9 450.058 374.333 328.821 175.409 153.412 75.7246 47.6158 138.519 76.3147
internal_count=145080 144760 12351 12179 633 172 11546 1033 132409 1069 438 631 544 414 320 10513 1319 547 9194 9105 8446 1965 1634 1436 766 670 331 208 603 332
is_linear=0
shrinkage=0.05


Tree=59
num_leaves=31
num_cat=0
split_feature=20 10 8 8 20 3 0 3 4 6 2 18 1 0 19 19 20 5 2 19 0 19 20 10 19 19 3 6 10 0
split_gain=6.99047 7.47956 6.74351 6.33315 7.914 10.795 6.93345 6.70189 6.263 5.15079 4.85632 4.78258 9.65712 8.49337 8.172 6.53127 8.74969 5.48392 7.88546 7.63091 6.68305 6.54389 7.7901 6.55171 6.96278 6.38361 8.4255 7.41314 6.91286 6.19294
threshold=18.905650138854984 22.801750183105472 7.8948500156402597 7.898750066757203 2.9576500654220585 13.449500083923342 -8.2930998802185041 51.66044998168946 9.5000000000000018 7.897249937057496 2.0782500505447392 1.0000000180025095e-35 15.843349933624269 4.0332500934600839 7.1026501655578622 -5.90974998474121 2.8348499536514287 -2.2470500469207759 2.0479500293731694 -8.0379500389099103 2.282850027084351 7.3204500675201425 2.4771499633789067 7.9197499752044687 -7.2363500595092765 -1.0000000180025095e-35 8.8735499382019061 7.8955500125885019 7.8875498771667489 -0.67030000686645497
decision_type=2 2 2 2 2 2 2 2 2 2 2 2 2 2 2 2 2 2 2 2 2 2 2 2 2 2 2 2 2 2
left_child=2 -2 -1 4 5 10 8 11 -6 -9 -4 17 -13 14 15 -14 -17 18 25 -20 21 22 -21 29 -25 -5 28 -28 -27 -24
right_child=1 -3 3 7 6 -7 -8 9 -10 -11 -12 12 13 -15 -16 16 -18 -19 19 20 -22 -23 23 24 -26 26 27 -29 -30 -31
leaf_value=0.0021787563033615004 -0.0033289263833252425 0.022220820357441717 0.014700362197045784 -0.0027515799388794678 -0.0031847900200004126 -0.0076921523032239814 -0.0042023503199345924 -0.020585300421147913 -0.039453194012593923 -0.0034256551800205051 -0.010748394321891 0.0041454101699464809 -0.012486183177326221 -0.016639021069848405 -0.025077931476582185 -0.019658464031529401 0.011444243081153001 0.00030443073741607261 -0.033463281951238377 -0.035699484579722239 0.0048461969060657091 -0.0204586518201887 0.0065963195456653582 0.027940470427699857 -0.00070755528286870384 -0.00070184852816978626 0.029100689790972065 0.0010902017724637436 0.035992829397393775 -0.0094372726478785217
leaf_weight=3735.7162751406431 1872.8402702957392 28.102939531207085 159.7118606120348 929.54980665445328 21.542310357093811 116.68111830949783 1188.1259280592203 45.523934617638588 26.136688768863678 746.67434625327587 20.494315564632416 1694.9341032207012 52.53211373090744 105.74125242233276 28.032621502876282 25.221430957317352 166.17029036581516 22570.456590875983 22.297212824225426 19.147098034620285 162.46267621219158 72.264069959521294 67.636907786130905 21.67475201189518 327.63169984519482 20.5014578551054 23.354391649365425 788.81511956453323 33.154323503375053 505.47016422450542
leaf_count=15140 7795 113 639 3796 88 468 4837 190 106 3086 82 7132 213 431 114 101 680 91575 91 77 655 294 275 88 1322 83 96 3224 135 2073
internal_value=9.46324e-06 -0.00293972 0.000175914 -7.38686e-05 -0.00320356 0.00411656 -0.00496404 9.49676e-05 -0.0234685 -0.00443645 0.0117628 0.000225014 0.00253442 -0.00468684 4.30292e-06 0.00297747 0.00726468 3.76872e-05 -0.00197263 -0.00511134 -0.00454594 -0.0060543 -0.00492824 -0.00425154 0.00114476 0.000124431 0.00321173 0.00193046 0.0222158 -0.00753683
internal_weight=35598.6 1900.94 33697.7 29961.9 1532.69 296.887 1235.8 28429.2 47.679 792.198 180.206 27637 2072.63 377.698 271.956 243.924 191.392 25564.4 2993.96 1198.58 1176.29 1013.82 941.561 922.414 349.306 1795.38 865.825 812.17 53.6558 573.107
internal_count=144999 7908 137091 121951 6220 1189 5031 115731 194 3276 721 112455 8671 1539 1108 994 781 103784 12209 4875 4784 4129 3835 3758 1410 7334 3538 3320 218 2348
is_linear=0
shrinkage=0.05


Tree=60
num_leaves=31
num_cat=0
split_feature=20 6 0 1 9 6 20 7 7 1 2 1 2 6 10 1 6 4 0 16 2 6 10 9 10 1 2 8 4 20
split_gain=6.98654 6.05424 6.0519 5.08216 4.75052 10.0924 10.185 7.08581 7.7196 10.7849 7.96159 10.0872 7.39835 6.47491 7.18702 6.04865 5.69905 9.72715 6.5282 6.41658 5.91691 5.72483 5.63598 5.47194 6.33943 5.39638 5.1233 5.36966 9.79458 6.85359
threshold=18.937350273132328 23.956399917602543 1.6972499489784243 4.1787497997283944 2.7130500078201298 7.8988499641418466 2.4771499633789067 -6.2011499404907218 -6.3120498657226554 15.033449649810793 1.5362499952316286 7.2285001277923593 1.7652500271797182 7.9000501632690439 7.91094994544983 7.6199500560760507 7.8978500366210946 6.5000000000000009 -0.67030000686645497 1.0000000180025095e-35 1.5244500041007998 7.8806500434875497 7.8996500968933114 2.9814499616622929 7.8854498863220224 28.316800117492679 3.0432499647140507 7.8999500274658212 7.5000000000000009 3.877349972724915
decision_type=2 2 2 2 2 2 2 2 2 2 2 2 2 2 2 2 2 2 2 2 2 2 2 2 2 2 2 2 2 2
left_child=1 4 -3 -2 5 -1 15 8 -6 10 -10 23 -11 14 -13 22 17 -9 19 20 -19 -21 -7 24 -12 -18 -8 28 29 -28
right_child=3 2 -4 -5 7 6 26 16 9 12 11 13 -14 -15 -16 -17 25 18 -20 21 -22 -23 -24 -25 -26 -27 27 -29 -30 -31
leaf_value=0.013375026190895296 -0.023709914377459396 -0.0043170763781133449 -0.037170137940559497 -0.0028127183827867572 0.00096604135511627368 -0.027290348249055203 -0.0018550623444871788 0.018741232504458121 0.018796219968445778 0.0094925709141597883 -0.013777485853975336 -0.014337683913888269 0.029166766180695976 -0.028716450299694014 0.019921462842675222 -0.039891459365358206 0.00029382540036966022 -0.0070286783310102297 -0.0029811712449881417 0.013761982931392509 -0.032649040806245963 -0.01691936805053236 -0.0017132871297079741 -0.018607945636037553 0.0089355317124112082 -0.004823952051532741 -0.039785711575108317 0.013868222476831725 0.0076532047447920668 -0.0045779754991781153
leaf_weight=111.61541694402695 28.609361171722412 42.188588216900826 20.23064199090004 1751.7664225399494 1520.463565543294 32.242600977420807 4090.5158739537001 38.664992853999138 71.776378348469734 129.43838980793953 33.313808739185333 45.383162662386894 76.251753240823746 38.065210938453674 21.867909833788872 21.300471886992455 25903.671359777451 36.498933225870132 325.93034887313843 28.100086957216263 60.871273949742317 30.862859964370728 61.589228808879852 21.987620949745178 300.38565059006214 524.5375195145607 19.839291855692863 106.45951765775681 131.04960051178932 41.976474031805992
leaf_count=453 122 174 83 7288 6176 129 16627 157 292 525 135 187 313 156 90 86 105411 150 1326 114 249 125 247 89 1216 2155 80 441 538 172
internal_value=-0.000109546 5.08955e-05 -0.0153833 -0.00316164 7.98312e-05 -0.00141043 -0.00177964 0.00031542 0.00300467 0.00719509 0.00342683 0.000998373 0.0168919 -0.0125219 -0.00306903 -0.0163954 8.98989e-05 -0.00508402 -0.00702901 -0.0153955 -0.0232144 -0.00231184 -0.0106972 0.0050255 0.00663366 0.000192071 -0.00139267 0.00491143 -7.8656e-05 -0.0163311
internal_weight=35667.5 33887.1 62.4192 1780.38 33824.7 4616.59 4504.97 29208.1 2258.93 738.47 532.78 461.003 205.69 105.316 67.2511 115.132 26949.1 520.928 482.264 156.333 97.3702 58.9629 93.8318 355.687 333.699 26428.2 4389.84 299.325 192.865 61.8158
internal_count=145306 137896 257 7410 137639 18773 18320 118866 9179 3003 2165 1873 838 433 277 462 109687 2121 1964 638 399 239 376 1440 1351 107566 17858 1231 790 252
is_linear=0
shrinkage=0.05


Tree=61
num_leaves=31
num_cat=0
split_feature=10 8 5 10 8 5 8 3 2 20 20 10 19 1 20 20 5 5 10 20 19 3 1 0 6 19 14 1 10 5
split_gain=7.32936 8.28061 13.8576 11.3621 10.1543 8.1158 8.05433 7.86199 9.00948 8.7872 7.66153 10.2375 9.51816 7.64337 7.45344 7.74653 9.04992 7.89033 6.68589 8.28885 6.6647 6.45479 6.45126 8.58087 6.45071 6.33415 9.5595 11.0361 8.66256 17.698
threshold=7.9000501632690439 7.9000501632690439 3.3105499744415288 7.9065499305725107 7.8766498565673837 2.5551500320434575 7.8936500549316415 33.701850891113288 3.1071000099182133 2.8655500411987309 17.67914962768555 7.797800064086915 -1.2488500475883482 7.3146500587463388 17.991950035095218 17.930150032043461 0.14105000346899035 -0.038949999958276742 7.5202000141143808 4.3771500587463388 1.1371499896049502 30.88695049285889 4.2726500034332284 -11.759500026702879 22.80004978179932 1.1086000204086306 1.0000000180025095e-35 7.9888000488281259 7.9740500450134286 0.46455000340938574
decision_type=2 2 2 2 2 2 2 2 2 2 2 2 2 2 2 2 2 2 2 2 2 2 2 2 2 2 2 2 2 2
left_child=6 2 3 -2 -5 -3 21 25 9 -9 18 12 -12 -11 15 16 17 -13 19 -8 -18 -1 -16 -24 -20 28 27 -27 29 -6
right_child=1 5 -4 4 7 -7 10 8 -10 13 11 14 -14 -15 22 -17 20 -19 24 -21 -22 -23 23 -25 -26 26 -28 -29 -30 -31
leaf_value=0.0023346308887669965 0.0028508997933569557 0.001163652145355888 -0.011529128651394204 0.012422474965947082 -0.0038790416405022829 0.0063126349030935272 -0.03003270802827708 0.013515955010460427 -0.024695078306174539 0.02702758621908621 -0.010609234016881975 -0.0041476336916801484 0.021529209142658948 -0.0010586813504081178 -0.021397574790855252 -0.022830236674720217 -0.00823710855970744 0.023110092877259129 -0.0004745314653151924 -0.0018250887991765716 -0.030863793510256761 -0.0057687212703579193 0.031140065781611895 -0.0028451740507359864 -0.015925234037439253 -0.0062126427588985508 0.0029187821540873661 -0.021439126531384415 -0.0059202308721620807 0.020024259040053016
leaf_weight=2877.9350878745317 1853.1576221436262 10010.143561705947 286.85833393037319 114.89428769052029 240.42155860364437 827.74667997658253 42.102300420403481 123.19539676606655 34.407755419611931 23.743938967585564 32.748740762472153 195.05083467066288 72.878054425120354 1151.2942185401917 45.364281937479973 93.025877937674522 89.883121177554131 29.70835380256176 13590.69638171792 66.158671170473099 51.007153704762459 267.73415578901768 17.756881058216095 1956.8697984218597 66.892764180898666 314.81518076360226 135.68122366070747 191.55974876880646 647.65179528295994 113.05924174189568
leaf_count=11688 7547 40534 1184 464 982 3357 170 498 140 97 133 828 297 4757 193 395 381 127 55150 267 217 1080 76 8285 272 1283 547 805 2664 463
internal_value=-2.16449e-05 0.000768965 -0.000864738 -0.000243753 -0.00209959 0.00155745 -0.000673279 -0.00266426 0.000189765 0.000867801 -0.00111905 -0.00361655 0.0115589 -0.000468644 -0.00426764 -0.0100155 -0.00670184 -0.000458339 -0.000649963 -0.0129694 -0.0165885 0.00164332 -0.00295819 -0.00252395 -0.000551367 -0.0049776 -0.00885058 -0.0120037 -0.0024874 0.00380124
internal_weight=35564.4 16068.6 5230.74 4943.88 3090.72 10837.9 19495.8 2975.83 1332.64 1298.23 16350.1 2584.29 105.627 1175.04 2478.67 458.675 365.649 224.759 13765.9 108.261 140.89 3145.67 2019.99 1974.63 13657.6 1643.19 642.056 506.375 1001.13 353.481
internal_count=144881 65322 21431 20247 12700 43891 79559 12236 5492 5352 66791 10932 430 4854 10502 1948 1553 955 55859 437 598 12768 8554 8361 55422 6744 2635 2088 4109 1445
is_linear=0
shrinkage=0.05


Tree=62
num_leaves=31
num_cat=0
split_feature=10 8 3 9 0 10 17 8 1 3 9 0 1 19 1 19 3 10 19 20 5 5 8 3 5 6 8 2 10 2
split_gain=7.50737 7.9465 9.54729 11.3484 10.6201 8.9439 7.57653 7.17041 11.1505 7.45813 7.15995 7.08679 7.01772 7.30095 10.4959 8.56647 7.43899 7.34328 8.29284 6.99163 6.84319 6.79519 8.77393 13.9968 10.0298 8.80405 8.41058 8.52455 15.3087 8.55427
threshold=7.900249958038331 7.9003500938415536 35.480350494384773 6.4200501441955575 9.1653499603271502 7.931650161743165 1.0000000180025095e-35 17.230350494384769 8.0850501060485858 37.989648818969734 3.5876499414443974 7.9753499031066903 28.545700073242191 -7.2817499637603751 7.6199500560760507 -1.5102500319480894 15.310599803924562 10.348749637603762 -1.1025499701499937 18.086050033569339 -0.90909999608993519 2.5551500320434575 8.1541500091552752 19.923600196838382 2.2347500324249272 7.9133501052856454 8.0403499603271502 1.7168499827384951 7.913949966430665 1.3164499998092654
decision_type=2 2 2 2 2 2 2 2 2 2 2 2 2 2 2 2 2 2 2 2 2 2 2 2 2 2 2 2 2 2
left_child=-1 5 3 21 -5 11 12 8 9 20 -10 -2 13 14 -7 16 -15 -17 -19 -6 -4 22 23 24 -3 -24 27 28 29 -25
right_child=1 2 7 4 19 6 -8 -9 10 -11 -12 -13 -14 15 -16 17 -18 18 -20 -21 -22 -23 25 26 -26 -27 -28 -29 -30 -31
leaf_value=-0.00066777747776756503 0.0023641319872212537 0.0054245627885897889 0.036445501023099264 -0.0069145738175911096 0.00062334960897848237 -0.026722484194581037 -0.012732199728646124 -0.0010490094026307784 -0.030032738284044427 0.003715309806955946 -0.0034795009901378224 -0.007882392726344039 0.010546757074088763 0.025202334895215828 -0.0018716056215262785 -0.0050786644608459761 0.0025707689573268759 -0.021899051713122019 0.0029276906426653829 0.019545112600531118 0.0076180732517220576 0.011741670946788983 0.0049293732135895097 0.0067381795135522662 -0.012866576930108155 0.031427171307780888 -0.017243570866343479 0.0021615278360474503 -0.046138988024974265 -0.025938220383933248
leaf_weight=20086.846681252122 2099.0473670512438 933.43110549449921 33.091575756669044 490.19405497610569 177.39815717935562 72.748205184936523 173.8826811760664 3772.154651299119 33.586124360561371 1047.5565232336521 96.683486253023148 182.51811635494232 106.1988028883934 39.334213137626648 100.63013395667076 1430.7385692149401 367.50453145802021 34.731293216347694 573.61716829240322 66.392640456557274 53.7625842243433 267.32191655039787 2694.9038370102644 61.740240022540092 80.537441223859787 30.75631782412529 126.72902053594589 285.27876436710358 26.954057902097702 28.448917582631111
leaf_count=81976 8562 3791 133 1989 718 297 783 15146 137 4216 394 743 437 158 414 5847 1505 143 2354 272 216 1093 10980 259 328 127 518 1176 111 118
internal_value=-2.99934e-05 0.000797164 0.00160009 0.00308758 -0.0026776 -0.000800163 -0.00264263 4.34119e-05 0.00330002 0.00489284 -0.0105021 0.00154135 -0.00199449 -0.0025068 -0.0123923 -0.0018013 0.00481528 -0.00312315 0.00147669 0.00583519 0.0188912 0.00402082 0.00353468 0.000521461 0.00396049 0.00523979 -0.00606351 -0.00250871 -0.0138042 -0.00374055
internal_weight=35574.7 15487.9 10306.9 5270.09 733.985 5180.95 2899.39 5036.83 1264.68 1134.41 130.27 2281.57 2725.5 2619.3 173.378 2445.93 406.839 2039.09 608.348 243.791 86.8542 4536.1 4268.78 1543.12 1013.97 2725.66 529.151 402.422 117.143 90.1892
internal_count=144941 62965 41722 21480 2979 21243 11938 20242 5096 4565 531 9305 11155 10718 711 10007 1663 8344 2497 990 349 18501 17408 6301 4119 11107 2182 1664 488 377
is_linear=0
shrinkage=0.05


Tree=63
num_leaves=31
num_cat=0
split_feature=20 10 10 2 10 2 20 7 9 9 19 19 2 2 20 10 9 10 3 3 1 3 3 19 19 19 19 5 2 20
split_gain=7.09334 8.88904 8.31433 8.31077 9.26543 7.70786 10.5756 8.4584 8.12034 12.7554 8.86743 7.56818 7.54684 10.0108 7.33318 9.60052 9.58528 8.2259 10.2252 7.64376 8.51753 7.2431 8.40738 7.58139 11.5861 7.12858 6.83585 9.70775 6.81637 6.66838
threshold=3.2404500246047978 7.9000501632690439 7.5202000141143808 1.5362499952316286 9.6101498603820819 3.1071000099182133 3.5199500322341923 -5.1853499412536612 2.4532500505447392 2.4834500551223759 1.2225499749183657 -6.214550018310546 1.570450007915497 1.4373499751091006 4.5015499591827401 7.8382999897003183 4.5137500762939462 7.8812499046325692 7.3522500991821298 19.923600196838382 7.3652501106262216 27.207150459289554 25.069399833679203 5.898750066757203 7.3629000186920175 5.2749500274658212 -7.3284499645233145 0.70434999465942394 1.6131500005722048 18.277950286865238
decision_type=2 2 2 2 2 2 2 2 2 2 2 2 2 2 2 2 2 2 2 2 2 2 2 2 2 2 2 2 2 2
left_child=2 5 -1 4 21 8 7 -7 12 10 -10 26 13 -2 -11 16 -16 18 -17 -20 -21 22 -3 -23 -25 -18 27 29 -14 -6
right_child=1 3 -4 -5 11 6 -8 -9 9 14 -12 -13 28 -15 15 17 25 -19 19 20 -22 23 -24 24 -26 -27 -28 -29 -30 -31
leaf_value=-0.033843420496001343 0.0027864799896823037 -0.0061977823664495961 0.0013879716970397601 0.0011353193369234196 0.015085981613716685 -0.026940983206128234 0.0028382243921121282 -0.0022475155145536513 0.0017993059986340836 -0.00032428088632695311 0.027827244626280334 0.00065623830865183116 0.013995842721842608 -0.028041299585611596 -0.0092510723102032354 0.020276400144256596 0.01106886157542222 -0.0027349589853575885 -0.01983117168267395 0.019907421058879333 -0.021375422935989024 -0.009296324732318919 0.021265587549245117 -0.046858052595529082 0.00067934711030874506 0.043117721505861052 -0.014521573189227734 -0.021711395628163967 -0.0056331510333486913 -0.012329819612833045
leaf_weight=15.78374834358692 38.894576847553253 122.20035895705223 7699.5517088770866 10802.990298882127 80.216398626565933 52.361337020993233 1736.9977975338697 99.638319566845894 69.23552742600441 6142.4523170441389 61.304442897439003 1728.9824472218752 46.085113808512688 79.469557285308838 44.122417762875557 21.560142487287521 76.04815399646759 5186.3846828639507 180.38140907883644 28.327623352408409 20.77796083688736 231.34982158243656 35.013120144605637 34.934911102056503 19.880354374647141 21.952892944216728 170.27166910469532 36.762653991580009 742.19984750449657 29.65865458548069
leaf_count=64 163 508 30930 44079 323 213 7211 405 285 24627 249 6967 189 327 180 91 310 21759 765 118 85 971 148 147 83 90 684 148 3040 119
internal_value=-3.0433e-05 -0.000401027 0.00131152 0.000535164 -0.00206881 -0.00125054 0.00172965 -0.0108745 -0.00169185 -0.00134268 0.0141412 -0.000647088 -0.00625007 -0.0179728 -0.0015163 -0.00282829 0.009957 -0.00316424 -0.0119868 -0.0150927 0.0023615 -0.00861289 1.4355e-05 -0.0133361 -0.0299139 0.018611 -0.00773743 0.000185139 -0.00446931 0.00764115
internal_weight=35655.8 27940.5 7715.34 13292.3 2489.27 14648.2 1889 152 12759.2 11852.5 130.54 2045.89 906.649 118.364 11722 5579.56 142.123 5437.43 251.047 229.487 49.1056 443.379 157.213 286.165 54.8153 98.001 316.909 146.638 788.285 109.875
internal_count=145278 114284 30994 54177 10098 60107 7829 618 52278 48559 534 8241 3719 490 48025 23398 580 22818 1059 968 203 1857 656 1201 230 400 1274 590 3229 442
is_linear=0
shrinkage=0.05


Tree=64
num_leaves=31
num_cat=0
split_feature=6 9 19 2 10 8 19 8 3 20 4 10 9 0 6 2 20 5 2 19 10 10 19 10 10 20 20 10 3 10
split_gain=5.03192 11.5037 15.4896 6.89392 5.28977 4.81414 10.9708 8.77304 7.08939 5.87672 5.66175 9.36794 10.6993 7.80269 9.12249 7.18517 6.7146 6.48837 7.80295 6.43718 6.47814 9.32807 9.26254 7.69661 8.98489 8.66286 9.32047 7.68694 7.14475 7.68668
threshold=23.170100212097172 4.4047498703002939 -1.1326499581336973 1.8202499747276308 7.900249958038331 7.8936500549316415 -7.4554500579833975 7.8910498619079599 6.5327498912811288 4.361649990081788 10.500000000000002 7.9565501213073739 4.1977500915527353 1.7742499709129336 7.8998498916625985 1.2431499958038332 3.2404500246047978 -2.0333499908447261 1.8277500271797182 -0.40704999864101404 7.8975501060485849 7.900249958038331 -0.43565000593662256 7.9041500091552743 7.9049501419067392 3.0047500133514409 2.9576500654220585 7.5202000141143808 16.211649894714359 7.8971500396728525
decision_type=2 2 2 2 2 2 2 2 2 2 2 2 2 2 2 2 2 2 2 2 2 2 2 2 2 2 2 2 2 2
left_child=5 2 -2 -3 -4 6 7 9 -8 -1 19 16 15 -14 -15 -13 17 18 -12 20 27 -22 23 -23 -25 26 -26 -7 29 -29
right_child=1 3 4 -5 -6 10 8 -9 -10 -11 11 12 13 14 -16 -17 -18 -19 -20 -21 21 22 -24 24 25 -27 -28 28 -30 -31
leaf_value=-0.01850349312484123 0.037072324920968118 -0.03350286239322902 -0.025971359085656332 -0.0042460675388841266 0.0066841520899970364 -0.016777081720690829 0.021205078699065447 0.010083032323505693 0.0022465501861611554 -0.0012587824704463155 0.0034704079247211473 0.024992124444118871 -0.022453052840041458 0.025109278563432702 -0.011602186384255971 -0.0032359149689086993 -0.0019272000217398463 0.0028164657798153171 -0.013956246674970075 0.00087531324320092572 -0.00308402114743812 0.0054498602480544632 -0.01993060597728968 -0.022514238517038404 -0.0040096469853559778 0.0005527136433115319 -0.026845182974143594 -0.00012658156607435117 0.0096435534538909708 0.024853716147462183
leaf_weight=139.32522408664227 24.500497817993164 48.709007099270821 25.812981262803078 34.392253264784813 22.456822708249092 47.023084044456482 49.096430972218513 53.284015953540802 3216.6342038959265 76.487140938639641 120.90390318632126 25.120412141084671 148.5820587426424 19.755304351449013 91.1408950984478 163.63443075120449 4965.8084687292576 1574.094932153821 135.26846422255039 13721.006974324584 3849.4291965812445 638.57227531075478 56.287544205784798 44.371883228421211 523.52852228283882 4614.2635210156441 47.926982626318932 722.03565625846386 342.2653830498457 31.166754424571991
leaf_count=558 101 203 106 141 93 190 199 216 13060 318 487 104 616 81 375 675 20353 6315 546 55940 15778 2613 229 182 2103 18745 193 2932 1393 127
internal_value=-5.23221e-05 -0.00898754 0.00550062 -0.0215891 -0.0109515 -1.27452e-05 0.00173769 -0.0079479 0.00253797 -0.0124257 -0.000206867 -0.00143555 -0.00842858 -0.0149973 -0.00489637 0.000632719 -0.00097315 0.00161498 -0.00575 0.000154446 -0.000751582 -0.00116806 7.70478e-05 0.000272308 -0.00036077 -0.000166909 -0.00596837 0.00280942 0.00366471 0.000938661
internal_weight=35572.9 155.872 72.7703 83.1013 48.2698 35417 3534.83 269.096 3265.73 215.812 31882.2 7244.31 448.233 259.478 110.896 188.755 6796.08 1830.27 256.172 24637.9 10916.9 9774.38 5924.95 5868.66 5230.09 5185.72 571.456 1142.49 1095.47 753.202
internal_count=144972 644 300 344 199 144328 14351 1092 13259 876 129977 29552 1851 1072 456 779 27701 7348 1033 100425 44485 39843 24065 23836 21223 21041 2296 4642 4452 3059
is_linear=0
shrinkage=0.05


Tree=65
num_leaves=31
num_cat=0
split_feature=6 7 19 19 0 3 19 7 6 0 8 8 6 19 0 3 0 0 2 7 7 8 9 10 6 2 2 19 20 0
split_gain=7.52176 11.9222 11.5116 7.51825 11.484 9.95529 9.74128 9.99328 8.39625 9.69738 8.30511 8.27468 8.21771 8.19973 7.71788 7.63715 11.2513 7.63428 8.1249 7.60839 7.41856 7.38953 7.21251 7.07603 6.81666 6.90558 6.8047 6.69799 6.66177 6.10173
threshold=23.349599838256839 -4.6795499324798575 -1.0183500051498411 -1.4535000324249265 3.3420499563217168 10.11455011367798 1.2225499749183657 -4.8969500064849845 7.8999500274658212 -3.3585499525070186 7.8960499763488778 22.801750183105472 7.8998498916625985 -6.7040500640869132 10.329249858856203 11.178750038146974 7.3569500446319589 3.9212000370025639 1.5679499506950381 -2.5089999437332149 -2.3935500383377071 7.8966498374938974 4.3050498962402353 7.9005498886108407 7.9000501632690439 1.7749499678611758 1.6874499917030337 -7.7725501060485831 3.1143499612808232 -10.626550197601317
decision_type=2 2 2 2 2 2 2 2 2 2 2 2 2 2 2 2 2 2 2 2 2 2 2 2 2 2 2 2 2 2
left_child=3 2 -2 4 12 21 -5 10 23 -10 24 13 -1 14 17 16 -15 18 -7 29 -16 -6 -19 -9 -8 -26 -23 -20 -12 -14
right_child=1 -3 -4 6 5 11 7 8 9 -11 28 -13 19 15 20 -17 -18 22 27 -21 -22 26 -24 -25 25 -27 -28 -29 -30 -31
leaf_value=-0.0089246649232083124 0.032576550172693716 -0.025987305751840641 -0.010918737932748404 0.0015055766291645408 -0.014471017277954083 -0.014324063493199311 0.0091123417244823087 -0.0098400112914612675 0.013110236286183708 -0.0014303628917251986 0.0041987146370137049 0.029170736509942948 0.0065663521862170948 -0.031022316851737931 0.0074234188245901186 -0.0014759019587528837 -0.0021616810016139324 -0.027015220126631503 0.0011852370356335176 -0.032163665833450289 0.036844350509619102 -0.002336999498870237 0.00043145960821277428 0.001844657788026877 0.0087818513955852471 -0.016604012532344236 0.011664978831118817 0.030438719396577597 -0.00053689059277036225 -0.0021419479427732318
leaf_weight=452.8572953492403 21.661137953400612 69.569787323474884 45.334149599075317 12855.92628185451 36.037767693400383 20.067535534501076 499.86334934830666 522.66910167038441 115.93688979744911 5916.728320017457 935.68146374821663 23.159071758389473 207.90041540563107 54.566521480679512 254.40005543828011 2051.5429395437241 86.508620232343674 23.332589000463486 29.837340250611305 19.739658758044243 22.523994699120522 109.92576165497303 1466.5390257686377 171.79000787436962 49.23099473118782 56.567045494914055 405.68025968968868 56.314180567860603 3584.0992498397827 5454.8033504933119
leaf_count=1850 89 289 187 52436 146 81 2025 2133 474 24137 3754 94 850 221 1028 8318 350 97 122 80 91 444 5945 706 200 229 1638 229 14635 22294
internal_value=2.65091e-05 -0.0116425 0.00341658 7.17456e-05 -0.00103027 0.0008465 0.000552373 -0.000481562 -0.00174872 -0.00114879 0.00118159 -4.8251e-06 -0.00244967 -0.00017815 0.0022507 -0.00225304 -0.0134645 0.000911145 0.0137974 -0.00193217 0.00994037 0.00714513 -1.62096e-05 -0.00695105 0.00667475 -0.00481959 0.00868105 0.020437 0.000444183 -0.00182113
internal_weight=35620.8 136.565 66.9953 35484.2 10775.7 4640.44 24708.5 11852.6 6727.12 6032.67 5125.44 4088.79 6135.3 4065.63 1873.01 2192.62 141.075 1596.09 106.219 5682.44 276.924 551.644 1489.87 694.459 605.661 105.798 515.606 86.1515 4519.78 5662.7
internal_count=145172 565 276 144607 43878 18804 100729 48293 27450 24611 20843 16576 25074 16482 7593 8889 571 6474 432 23224 1119 2228 6042 2839 2454 429 2082 351 18389 23144
is_linear=0
shrinkage=0.05


Tree=66
num_leaves=31
num_cat=0
split_feature=19 7 9 19 1 8 3 19 10 9 3 5 2 20 7 10 7 7 19 20 3 1 19 20 5 10 1 2 3 20
split_gain=5.23682 8.88437 9.56316 6.84811 8.20334 10.2634 9.11013 8.05125 7.96515 6.92582 6.96844 7.2 6.51254 6.43456 6.43539 6.54321 7.18212 6.88775 6.93053 6.73897 6.61724 8.56183 6.30047 10.7938 6.22365 6.12482 9.97676 9.9278 7.82486 6.80974
threshold=5.2292001247406015 -6.7271499633789054 1.8971500396728518 -1.4535000324249265 22.816849708557132 10.261549949645998 41.071649551391609 -5.1049001216888419 7.797800064086915 2.4983500242233281 63.015348434448249 -4.0083999633789054 7.3524498939514169 2.9128500223159794 -2.2776499986648555 18.302750587463382 -4.4438500404357901 -4.3571500778198233 -5.90974998474121 18.086050033569339 37.106048583984382 22.39165019989014 5.2749500274658212 10.348749637603762 0.95354998111724865 22.801150321960453 7.3730499744415292 1.5504500269889834 37.087551116943366 17.205349922180179
decision_type=2 2 2 2 2 2 2 2 2 2 2 2 2 2 2 2 2 2 2 2 2 2 2 2 2 2 2 2 2 2
left_child=1 12 -3 4 5 6 -4 -8 -5 -10 -11 -12 -1 24 15 16 -15 -18 -19 -17 21 -21 23 -2 -7 26 28 -28 29 -24
right_child=22 2 3 8 -6 13 7 -9 9 10 11 -13 -14 14 -16 19 17 18 -20 20 -22 -23 25 -25 -26 -27 27 -29 -30 -31
leaf_value=-0.0046780593356718671 -0.00099243989320923782 -0.024478294285059574 3.1015831334025827e-06 0.011968913401228206 -0.0032591436824008641 0.0031696597857799043 -0.0064928673446063767 -0.035559164394839603 0.0089821821041274948 0.0012308693080068688 -0.031600591253672698 -0.0042991847012279543 0.018344760111459857 0.0050479049638021776 -0.014617778061673701 -0.002794745789714944 0.042651866047265216 0.0081609541853622809 0.025561411605850827 -0.0091870056568294622 0.037479605490676221 0.02701964527667829 0.00072228823553471908 -0.030026386572814652 -0.015588448783974435 0.0035996208439904747 -0.0096661706297534698 -0.0020797572305658171 0.0082313744811202735 -0.004276160344368971
leaf_weight=1040.742540165782 88.645867750048637 36.821898967027664 7056.2275501340628 174.54460734128952 1906.4589831978083 116.57587559521198 239.81812813878059 25.56913560628891 283.15788377821445 13943.118657752872 27.17723149061203 172.37401781976223 30.681909158825874 358.08590467274189 35.066331788897514 255.49278452992439 20.991951763629913 193.81644612550735 81.209922507405281 39.887750968337059 20.376876637339592 26.243083536624908 3804.5782398581505 49.168047338724136 69.98462986946106 740.23928543925285 498.88593028485775 3148.3679659217596 293.57651902735233 829.01404969394207
leaf_count=4256 357 150 28756 705 7758 471 986 105 1156 56854 112 716 128 1456 142 1028 85 788 329 161 82 106 15276 205 282 2981 2055 12900 1190 3539
internal_value=8.98889e-05 0.000454422 0.000644942 0.000682853 -0.000294588 0.000367571 -0.000339563 -0.00941628 0.00138213 0.00125322 0.00109785 -0.00815644 -0.00400227 0.00461601 0.00616132 0.00690674 0.00983343 0.0155859 0.013373 0.00129687 0.0132749 0.00536955 -0.000918692 -0.0114926 -0.00391268 -0.00076103 -0.00113787 -0.00311982 0.000329579 -0.000172733
internal_weight=35606.9 26154.4 25083 25046.2 10445.8 8539.35 7321.61 265.387 14600.4 14425.8 14142.7 199.551 1071.42 1217.73 1031.17 996.105 654.104 296.018 275.026 342 86.5077 66.1308 9452.48 137.814 186.561 9314.66 8574.42 3647.25 4927.17 4633.59
internal_count=145115 106612 102228 102078 42535 34777 29847 1091 59543 58838 57682 828 4384 4930 4177 4035 2658 1202 1117 1377 349 267 38503 562 753 37941 34960 14955 20005 18815
is_linear=0
shrinkage=0.05


Tree=67
num_leaves=31
num_cat=0
split_feature=6 1 19 5 5 5 1 20 3 6 4 7 10 1 0 3 19 2 1 2 10 10 3 10 19 20 7 1 19 10
split_gain=7.82483 12.2915 7.00152 7.42688 5.99232 9.36716 6.05762 6.92581 5.67363 5.42531 5.73738 5.36036 6.06019 5.35705 4.98766 4.90954 7.20114 8.96748 10.1089 7.61121 7.44369 6.54918 6.00469 10.884 6.39868 6.32736 6.16644 6.92828 5.68451 5.68694
threshold=7.8999500274658212 5.7800500392913827 -7.7725501060485831 -0.054449999704957001 2.2347500324249272 2.4034500122070317 7.6199500560760507 11.275099754333498 25.069399833679203 7.8988499641418466 7.5000000000000009 -4.4077501296997061 7.8918499946594247 7.3730499744415292 -11.010399818420408 8.5621500015258807 6.3426001071929941 1.615649998188019 5.9296498298645028 2.3705500364303593 7.8894500732421884 7.900750160217286 9.0198001861572283 7.8961501121521005 7.1473498344421396 4.3297500610351571 -2.411749958992004 5.1545500755310067 5.7204000949859628 7.9281499385833749
decision_type=2 2 2 2 2 2 2 2 2 2 2 2 2 2 2 2 2 2 2 2 2 2 2 2 2 2 2 2 2 2
left_child=1 14 3 -3 -4 -6 7 9 -5 10 -7 -9 -13 -12 -1 16 17 18 -2 28 -18 -22 23 -17 26 -26 27 -25 29 -19
right_child=15 2 4 8 5 6 -8 11 -10 -11 13 12 -14 -15 -16 22 20 19 -20 -21 21 -23 -24 24 25 -27 -28 -29 -30 -31
leaf_value=-0.027546744747922871 -0.021468617125482245 -0.022181197965836234 0.0013860751845658908 0.013859511054074222 -0.021272621877202875 0.0069495042408936241 0.016393908742748157 0.021194727778088215 -0.01835941930299546 -0.0013488835876110292 -0.029741616605878731 0.02102630774483933 -0.010978352756536374 -0.0078804862226970283 -0.0066734765021800556 -0.016259752821314772 -0.025489640181828751 0.0033126489410294602 0.017006167283183288 0.025646185394907369 0.0018230193322091625 -0.023749484755236486 0.0004005480998510592 -0.017781987477361583 0.00087981833793365067 0.033746266814563705 0.023702715483671005 -0.0013435257291865305 0.017008187324124298 0.024161531057839317
leaf_weight=28.844072371721268 62.091773509979248 72.718689247965813 2024.0750469714403 35.676912322640419 71.805687338113785 24.149203911423683 40.041870385408401 40.2373216599226 20.785667523741722 155.73517167568207 60.250069007277489 19.981073006987572 49.161658689379692 53.43975393474102 780.533681422472 148.71059982478619 34.911771446466446 1141.4836863875389 22.561524793505669 44.626763984560966 217.71359863877296 27.27583721280098 29643.248159259558 76.517895489931107 35.986968278884888 23.755579635500908 19.750010669231415 371.41312099993229 88.325199216604233 32.709232404828072
leaf_count=117 252 297 8256 145 294 98 166 167 86 635 244 82 204 218 3167 604 143 4634 92 179 883 111 120846 311 144 99 80 1509 359 133
internal_value=0.00019484 -0.00205735 -0.000419135 -0.0117284 0.000160685 -0.0046506 -0.00191447 -0.00376987 0.00188561 -0.00776487 -0.0149519 0.00692585 -0.00156164 -0.0196241 -0.00745042 0.00043971 0.00307678 0.0045482 -0.0111356 0.00557165 -0.00422994 -0.00110906 0.000294215 -0.00436139 -0.000982142 0.014289 -0.00295923 -0.00418498 0.00484233 0.0039135
internal_weight=35468.5 3477.44 2668.06 129.181 2538.88 514.802 442.996 402.954 56.4626 293.574 137.839 109.38 69.1427 113.69 809.378 31991.1 1671.7 1391.8 84.6533 1307.14 279.901 244.989 30319.4 676.134 527.424 59.7425 467.681 447.931 1262.52 1174.19
internal_count=144555 14176 10892 528 10364 2108 1814 1648 231 1195 560 453 286 462 3284 130379 6786 5649 344 5305 1137 994 123593 2747 2143 243 1900 1820 5126 4767
is_linear=0
shrinkage=0.05


Tree=68
num_leaves=31
num_cat=0
split_feature=3 9 9 2 10 9 9 3 2 19 19 7 7 20 20 2 1 7 6 1 20 1 3 4 7 2 19 7 20 4
split_gain=5.98339 7.4757 6.46715 6.37279 6.34935 5.59377 5.77459 7.33215 5.3682 4.83815 9.64716 7.93927 7.19298 8.82498 7.0336 6.33392 12.091 6.39737 5.95172 10.8216 11.5017 8.79826 8.25441 14.1438 5.93772 5.86552 6.44706 6.27072 11.4434 10.8133
threshold=63.527648925781257 2.640050053596497 1.8971500396728518 1.2431499958038332 11.818200111389162 3.0697499513626103 3.4355499744415288 64.164951324462905 7.3841500282287607 1.0789499878883364 0.90544998645782482 -4.7163500785827628 -4.9267499446868888 10.45004987716675 11.222499847412111 2.1467499732971196 7.3463499546051034 -2.4306499958038326 7.9014501571655282 6.5861501693725595 4.1282501220703134 7.1183500289917001 11.100649833679201 4.5000000000000009 -3.1828500032424922 2.1318500041961674 1.1656499505043032 -2.4473500251770015 17.710649490356449 6.5000000000000009
decision_type=2 2 2 2 2 2 2 2 2 2 2 2 2 2 2 2 2 2 2 2 2 2 2 2 2 2 2 2 2 2
left_child=8 2 -2 5 -5 -3 -7 -8 9 10 -1 12 13 -12 -15 25 17 -17 19 20 -13 -21 -20 -24 -23 26 -11 -28 -29 -30
right_child=1 3 -4 4 -6 6 7 -9 -10 15 11 18 -14 14 -16 16 -18 -19 22 21 -22 24 23 -25 -26 -27 27 28 29 -31
leaf_value=0.00020803211855787205 -0.015971033346914375 -0.02091637979904019 0.016017490809961853 -0.0090193820417003474 -0.029019676004240925 0.026391265978027857 -0.01111016849223264 0.013028001402851789 0.0058403808135012282 -0.0081808823653559785 0.010623939237242745 0.014858247558956834 -0.016147384930682063 -0.032877740537360173 -0.0014892557651277622 0.0081106946157056721 -0.00084839392762490204 -0.010064185276204125 0.030323019236197166 0.047400895763416238 -0.016773957539049113 0.023056737611289336 0.0067505557483747147 -0.03081643836246278 0.0050209659026937484 -0.011373004593056964 -0.0012499589053442512 0.010306622211791891 0.006625216542180669 -0.036366882580565571
leaf_weight=21674.073339775205 19.973075613379478 26.94905062019825 64.177295029163361 227.44937451183796 47.602197289466858 22.184765860438347 72.25300244987011 54.145602345466614 393.64718142151833 322.92388723790646 166.84225718677044 64.888888239860535 56.896298587322235 20.609784781932831 103.13211417198181 680.26459862291813 1715.8134531527758 51.284473046660423 20.095734775066376 25.144804060459137 49.968753501772881 120.39713387191296 91.304732039570808 33.405537381768227 74.214120119810104 144.1896084100008 8954.0310865044594 261.43332424759865 29.707882836461067 27.323208913207054
leaf_count=88291 83 112 266 946 197 92 302 227 1645 1313 673 260 233 85 427 2757 7014 208 82 102 206 492 374 137 302 595 36445 1056 127 117
internal_value=-3.83069e-05 -0.00528249 0.00832662 -0.00783692 -0.0125733 -0.000385957 0.00345265 -0.000748958 4.17764e-05 -2.41941e-05 0.00041038 0.00570752 -4.961e-05 0.0031469 -0.00693881 -0.000826522 0.00144701 0.00682456 0.00987166 0.0135275 0.00107067 0.0200038 0.0013891 -0.00347742 0.0162397 -0.0013979 -0.00124684 -0.0010045 0.00587928 -0.0142438
internal_weight=35616.3 534.734 84.1504 450.584 275.052 175.532 148.583 126.399 35081.6 34687.9 22501 826.9 347.48 290.584 123.742 12187 2447.36 731.549 479.42 334.614 114.858 219.756 144.806 124.71 194.611 9739.61 9595.42 9272.5 318.464 57.0311
internal_count=145166 2225 349 1876 1143 733 621 529 142941 141296 91664 3373 1418 1185 512 49632 9979 2965 1955 1362 466 896 593 511 794 39653 39058 37745 1300 244
is_linear=0
shrinkage=0.05


end of trees

feature_importances:
tgt_d=278
hit_h=258
tgt_x=201
in_speed=188
hit_d=175
oppA_d=144
partner_x=130
oppB_d=113
hit_x=95
oppA_x=94
partner_d=89
oppB_x=88
shot_no=50
t_lob=44
t_putaway=26
t_dink=23
opp_up=21
my_up=20
t_speedup=17
t_drop=11
t_drive=5

parameters:
[boosting: gbdt]
[objective: binary]
[metric: binary_logloss]
[tree_learner: serial]
[device_type: cpu]
[data_sample_strategy: bagging]
[data: ]
[valid: ]
[num_iterations: 600]
[learning_rate: 0.05]
[num_leaves: 31]
[num_threads: 0]
[seed: 0]
[deterministic: 0]
[force_col_wise: 0]
[force_row_wise: 0]
[histogram_pool_size: -1]
[max_depth: -1]
[min_data_in_leaf: 80]
[min_sum_hessian_in_leaf: 0.001]
[bagging_fraction: 0.8]
[pos_bagging_fraction: 1]
[neg_bagging_fraction: 1]
[bagging_freq: 1]
[bagging_seed: 7719]
[bagging_by_query: 0]
[feature_fraction: 0.9]
[feature_fraction_bynode: 1]
[feature_fraction_seed: 2437]
[extra_trees: 0]
[extra_seed: 11797]
[early_stopping_round: 0]
[early_stopping_min_delta: 0]
[first_metric_only: 0]
[max_delta_step: 0]
[lambda_l1: 0]
[lambda_l2: 1]
[linear_lambda: 0]
[min_gain_to_split: 0]
[drop_rate: 0.1]
[max_drop: 50]
[skip_drop: 0.5]
[xgboost_dart_mode: 0]
[uniform_drop: 0]
[drop_seed: 21238]
[top_rate: 0.2]
[other_rate: 0.1]
[min_data_per_group: 100]
[max_cat_threshold: 32]
[cat_l2: 10]
[cat_smooth: 10]
[max_cat_to_onehot: 4]
[top_k: 20]
[monotone_constraints: ]
[monotone_constraints_method: basic]
[monotone_penalty: 0]
[feature_contri: ]
[forcedsplits_filename: ]
[refit_decay_rate: 0.9]
[cegb_tradeoff: 1]
[cegb_penalty_split: 0]
[cegb_penalty_feature_lazy: ]
[cegb_penalty_feature_coupled: ]
[path_smooth: 0]
[interaction_constraints: ]
[verbosity: -1]
[saved_feature_importance_type: 0]
[use_quantized_grad: 0]
[num_grad_quant_bins: 4]
[quant_train_renew_leaf: 0]
[stochastic_rounding: 1]
[linear_tree: 0]
[max_bin: 255]
[max_bin_by_feature: ]
[min_data_in_bin: 3]
[bin_construct_sample_cnt: 200000]
[data_random_seed: 38]
[is_enable_sparse: 1]
[enable_bundle: 1]
[use_missing: 1]
[zero_as_missing: 0]
[feature_pre_filter: 1]
[pre_partition: 0]
[two_round: 0]
[header: 0]
[label_column: ]
[weight_column: ]
[group_column: ]
[ignore_column: ]
[categorical_feature: ]
[forcedbins_filename: ]
[precise_float_parser: 0]
[parser_config_file: ]
[objective_seed: 8855]
[num_class: 1]
[is_unbalance: 0]
[scale_pos_weight: 1]
[sigmoid: 1]
[boost_from_average: 1]
[reg_sqrt: 0]
[alpha: 0.9]
[fair_c: 1]
[poisson_max_delta_step: 0.7]
[tweedie_variance_power: 1.5]
[lambdarank_truncation_level: 30]
[lambdarank_norm: 1]
[label_gain: ]
[lambdarank_position_bias_regularization: 0]
[eval_at: ]
[multi_error_top_k: 1]
[auc_mu_weights: ]
[num_machines: 1]
[local_listen_port: 12400]
[time_out: 120]
[machine_list_filename: ]
[machines: ]
[gpu_platform_id: -1]
[gpu_device_id: -1]
[gpu_device_id_list: ]
[gpu_use_dp: 0]
[num_gpu: 1]

end of parameters

pandas_categorical:null
